sales_date,product_id,item_description,quantity,unit_price,customer_id,transaction_id
2023-02-28 07:09:32.972972973,PROD-0023,Unknown Product,4.0,366.69,CUST-00128,TXN-000032
2023-06-15 18:51:31.891891892,PROD-0048,Unknown Product,6.0,35.46,CUST-00050,TXN-000110
2023-05-05 23:26:50.810810812,PROD-0021,Unknown Product,1.0,482.59,CUST-00062,TXN-000137
2023-11-14 08:40:21.621621624,PROD-0024,Unknown Product,9.0,66.24,CUST-00113,TXN-000089
2023-10-24 14:13:20.000000000,PROD-0035,Unknown Product,9.0,215.53,CUST-00056,TXN-000919
2023-11-06 17:01:58.918918920,PROD-0030,Unknown Product,9.0,459.57,CUST-00182,TXN-DUP-000026
2023-04-02 10:55:51.351351352,PROD-0037,Unknown Product,10.0,425.54,CUST-00119,TXN-000871
2023-07-05 19:49:11.351351352,PROD-0050,Unknown Product,4.0,329.59,CUST-00002,TXN-000319
2023-05-16 21:47:23.243243244,PROD-0038,Unknown Product,4.0,416.4,CUST-00039,TXN-000262
2023-10-28 05:40:10.810810812,PROD-0040,Unknown Product,3.0,150.03,CUST-00146,TXN-000536
2023-02-23 22:13:20.000000000,PROD-0050,Unknown Product,10.0,392.38,CUST-00060,TXN-000920
2023-09-01 18:14:03.243243244,PROD-0007,"Tablet 10""",4.0,64.39,CUST-00099,TXN-000597
2023-05-14 08:34:35.675675676,PROD-0038,Unknown Product,5.0,287.01,CUST-00057,TXN-000077
2023-10-24 22:58:01.081081080,PROD-0043,Unknown Product,6.0,405.14,CUST-00033,TXN-000108
2023-05-23 11:11:42.702702704,PROD-0040,Unknown Product,2.0,401.21,CUST-00145,TXN-000425
2023-11-18 17:36:34.594594596,PROD-0014,Unknown Product,10.0,386.77,CUST-00061,TXN-000585
2023-03-01 18:08:17.297297297,PROD-0047,Unknown Product,2.0,243.68,CUST-00116,TXN-000854
2023-04-03 04:25:13.513513514,PROD-0041,Unknown Product,4.0,163.54,CUST-00074,TXN-000665
2023-03-27 06:16:12.972972973,PROD-0033,Unknown Product,9.0,428.35,CUST-00184,TXN-000830
2023-10-24 22:58:01.081081080,PROD-0005,Webcam HD,5.0,144.94,CUST-00116,TXN-000421
2023-08-28 18:02:31.351351352,PROD-0010,Power Bank 10000mAh,8.0,,CUST-00192,TXN-000598
2023-08-28 18:02:31.351351352,PROD-0040,Unknown Product,7.0,23.49,CUST-00033,TXN-000459
2023-11-01 14:36:23.783783784,PROD-0035,Unknown Product,5.0,354.29,CUST-00037,TXN-000313
2023-01-25 18:38:33.513513513,PROD-0043,Unknown Product,9.0,10.07,CUST-00195,TXN-000650
2023-07-28 01:14:57.297297298,PROD-0014,Unknown Product,5.0,454.73,CUST-00196,TXN-000366
2023-08-10 12:48:17.297297296,PROD-0009,Charging Cable,8.0,374.36,CUST-00107,TXN-000322
2023-04-09 17:49:32.972972973,PROD-0044,Unknown Product,2.0,297.07,CUST-00187,TXN-000630
2023-09-07 05:24:19.459459460,PROD-0035,Unknown Product,8.0,182.99,CUST-00192,TXN-000915
2023-06-23 10:29:54.594594596,PROD-0046,Unknown Product,7.0,234.68,CUST-00098,TXN-000469
2023-08-28 00:33:09.189189188,PROD-0007,"Tablet 10""",8.0,474.37,CUST-00044,TXN-000599
2023-02-07 12:42:31.351351351,PROD-0010,Power Bank 10000mAh,7.0,14.96,CUST-00080,TXN-000395
2023-01-13 18:03:57.837837837,PROD-0019,Unknown Product,4.0,109.58,CUST-00179,TXN-000537
2023-04-02 19:40:32.432432433,PROD-0045,Unknown Product,4.0,150.83,CUST-00095,TXN-000721
2023-05-27 11:23:14.594594594,PROD-0037,Unknown Product,4.0,246.2,CUST-00063,TXN-000334
2023-10-27 03:26:07.567567568,PROD-0004,"Monitor 27""",3.0,292.83,CUST-00076,TXN-000410
2023-10-26 01:12:04.324324324,PROD-0012,Unknown Product,3.0,270.89,CUST-00013,TXN-000060
2023-03-26 21:31:31.891891892,PROD-0004,"Monitor 27""",9.0,404.4,CUST-00121,TXN-000257
2023-01-15 13:47:23.243243243,PROD-0050,Unknown Product,3.0,191.76,CUST-00089,TXN-000970
2023-10-16 05:05:35.135135136,PROD-0010,Power Bank 10000mAh,7.0,156.05,CUST-00079,TXN-000686
2023-06-27 19:26:07.567567568,PROD-0026,Unknown Product,8.0,27.99,CUST-00054,TXN-000343
2023-10-15 11:36:12.972972972,PROD-0023,Unknown Product,5.0,413.04,CUST-00080,TXN-000636
2023-07-29 20:58:22.702702704,PROD-0047,Unknown Product,7.0,342.13,C00027,TXN-000709
2023-06-19 19:03:03.783783784,PROD-0026,Unknown Product,4.0,298.01,CUST-00070,TXN-000011
2023-02-11 21:38:44.324324324,PROD-0038,Unknown Product,10.0,281.32,CUST-00013,TXN-000486
2023-01-13 18:03:57.837837837,PROD-0045,Unknown Product,6.0,240.93,CUST-00098,TXN-000210
2023-06-21 14:46:29.189189190,PROD-0005,Webcam HD,2.0,150.7,CUST-00066,TXN-000140
2023-08-17 10:57:17.837837840,PROD-0033,Unknown Product,9.0,183.84,CUST-00036,TXN-000389
2023-02-12 15:08:06.486486486,PROD-0038,Unknown Product,9.0,305.71,CUST-00054,TXN-000623
2023-08-19 15:25:24.324324324,PROD-0029,Unknown Product,6.0,112.5,CUST-00118,TXN-000825
2023-08-09 00:00:00.000000000,PROD-0035,Unknown Product,7.0,359.47,CUST-00109,TXN-000718
2023-03-03 00:00:00.000000000,PROD-0039,Unknown Product,8.0,398.37,CUST-00150,TXN-000846
2023-10-04 04:30:59.459459460,PROD-0017,Unknown Product,3.0,393.09,CUST-00060,TXN-000688
2023-07-11 06:59:27.567567568,PROD-0011,Unknown Product,5.0,172.77,CUST-00127,TXN-000936
2023-10-09 00:00:00.000000000,PROD-0035,Unknown Product,,372.83,CUST-00092,TXN-000582
2023-05-27 20:07:55.675675676,PROD-0036,Unknown Product,4.0,190.84,CUST-00055,TXN-000383
2023-10-10 17:55:18.918918920,PROD-0037,Unknown Product,5.0,137.48,CUST-00172,TXN-000071
2023-10-28 23:09:32.972972972,PROD-0030,Unknown Product,9.0,159.33,CUST-00168,TXN-000261
2023-07-04 00:05:45.945945946,PROD-0039,,7.0,152.35,CUST-00150,TXN-000801
2023-12-16 10:12:36.756756756,PROD-0028,Unknown Product,10.0,494.14,CUST-00152,TXN-000454
2023-08-27 15:48:28.108108108,PROD-0021,Unknown Product,7.0,48.05,CUST-00112,TXN-000592
2023-05-29 15:51:21.081081082,PROD-0003,USB Keyboard,10.0,148.41,CUST-00040,TXN-000907
2023-01-07 13:24:19.459459459,PROD-0026,Unknown Product,2.0,47.05,CUST-00139,TXN-000785
2023-09-12 07:49:54.594594596,PROD-0047,Unknown Product,5.0,341.33,CUST-00193,TXN-000214
2023-06-23 10:29:54.594594596,PROD-0010,Power Bank 10000mAh,5.0,247.5,CUST-00145,TXN-000097
2023-06-10 16:25:56.756756758,PROD-0027,Unknown Product,9.0,359.39,CUST-00022,TXN-000680
2023-08-19 15:25:24.324324324,PROD-0029,Unknown Product,2.0,265.52,CUST-00040,TXN-000850
2023-10-19 20:32:25.945945948,PROD-0042,Unknown Product,,251.97,CUST-00161,TXN-DUP-000006
2023-07-13 02:42:52.972972974,PROD-0004,"Monitor 27""",7.0,460.57,CUST-00012,TXN-000881
2023-06-17 14:34:57.297297298,PROD-0028,Unknown Product,8.0,185.32,CUST-00002,TXN-000193
2023-12-13 12:15:08.108108108,PROD-0001,Laptop Computer,10.0,300.68,CUST-00075,TXN-000281
2023-07-04 00:05:45.945945946,PROD-0030,Unknown Product,7.0,298.48,CUST-00030,TXN-000534
2023-04-29 01:17:50.270270270,PROD-0012,Unknown Product,2.0,382.91,CUST-00149,TXN-000683
2023-07-06 13:18:33.513513514,PROD-0023,Unknown Product,2.0,167.53,CUST-00076,TXN-000618
2023-12-03 16:08:38.918918920,PROD-0006,Headphones Wireless,1.0,296.05,CUST-00032,TXN-000983
2023-02-12 06:23:25.405405405,PROD-0047,Unknown Product,5.0,294.24,CUST-00151,TXN-000911
2023-11-13 23:55:40.540540540,PROD-0047,Unknown Product,6.0,430.51,CUST-00010,TXN-000185
2023-04-11 13:32:58.378378379,PROD-0003,USB Keyboard,4.0,49.49,CUST-00096,TXN-000031
2023-10-08 13:27:12.432432432,PROD-0022,Unknown Product,2.0,32.37,CUST-00037,TXN-000329
2023-12-10 05:32:58.378378380,PROD-0028,Unknown Product,5.0,441.35,CUST-00144,TXN-000507
2023-03-30 12:58:22.702702703,PROD-0039,Unknown Product,10.0,248.91,CUST-00193,TXN-000055
2023-05-05 23:26:50.810810812,PROD-0006,Headphones Wireless,,437.64,CUST-00192,TXN-000024
2023-02-28 15:54:14.054054054,PROD-0024,Unknown Product,9.0,236.52,CUST-00156,TXN-000102
2023-05-09 14:53:41.621621622,PROD-0001,Laptop Computer,1.0,108.23,CUST-00049,TXN-000550
2023-05-11 10:37:07.027027028,PROD-0037,Unknown Product,8.0,217.05,CUST-00093,TXN-000248
2023-09-04 00:00:00.000000000,PROD-0001,Laptop Computer,3.0,321.73,CUST-00126,TXN-000004
2023-12-06 05:21:26.486486488,PROD-0038,Unknown Product,2.0,285.0,CUST-00072,TXN-000087
2023-08-26 13:34:24.864864864,PROD-0032,Unknown Product,5.0,490.78,CUST-00168,TXN-000844
2023-05-11 01:52:25.945945946,PROD-0034,Unknown Product,10.0,120.8,CUST-00152,TXN-000953
2023-09-25 19:23:14.594594596,PROD-0033,Unknown Product,4.0,265.51,CUST-00164,TXN-000291
2023-07-10 22:14:46.486486486,PROD-0018,Unknown Product,1.0,489.76,CUST-00158,TXN-000211
2023-02-22 02:29:54.594594594,PROD-0018,Unknown Product,3.0,446.17,CUST-00065,TXN-000803
2023-08-11 23:47:01.621621624,PROD-0002,Wireless Mouse,4.0,219.47,CUST-00084,TXN-000175
2023-02-04 14:45:02.702702703,PROD-0044,Unknown Product,2.0,59.31,CUST-00053,TXN-000200
2023-07-03 15:21:04.864864866,PROD-0034,Unknown Product,7.0,29.08,CUST-00084,TXN-000903
2023-12-14 23:13:52.432432432,PROD-0038,Unknown Product,4.0,75.41,CUST-00032,TXN-DUP-000002
2023-03-02 11:37:39.459459460,PROD-0030,Unknown Product,4.0,20.69,CUST-00080,TXN-000064
2023-03-26 12:46:50.810810811,PROD-0008,Smartphone,1.0,354.81,CUST-00180,TXN-000266
2023-08-21 19:53:30.810810812,PROD-0033,Unknown Product,2.0,436.89,CUST-00176,TXN-000232
2023-11-19 02:21:15.675675676,PROD-0042,Unknown Product,8.0,356.78,CUST-00064,TXN-000804
2023-06-27 10:41:26.486486486,PROD-0034,Unknown Product,4.0,70.23,CUST-00104,TXN-000626
2023-11-01 23:21:04.864864864,PROD-0001,Laptop Computer,2.0,,CUST-00132,TXN-000569
2023-06-03 09:32:15.135135136,PROD-0010,Power Bank 10000mAh,7.0,361.98,CUST-00183,TXN-000855
2023-06-22 17:00:32.432432432,PROD-0014,Unknown Product,,378.17,CUST-00078,TXN-000040
2023-05-24 22:10:27.027027028,PROD-0014,Unknown Product,1.0,13.84,CUST-00193,TXN-000807
2023-11-14 08:40:21.621621624,PROD-0014,Unknown Product,2.0,214.7,CUST-00020,TXN-000169
2023-10-26 09:56:45.405405408,PROD-0037,Unknown Product,3.0,248.94,CUST-00101,TXN-000591
2023-01-06 19:54:57.297297297,PROD-0046,Unknown Product,4.0,200.11,CUST-00175,TXN-000465
2023-03-29 19:29:00.540540541,PROD-0038,Unknown Product,1.0,236.24,CUST-00039,TXN-000999
2023-07-24 18:32:47.567567568,PROD-0043,Unknown Product,4.0,22.47,CUST-00162,TXN-000443
2023-12-05 03:07:23.243243244,PROD-0005,Webcam HD,8.0,294.99,CUST-00040,TXN-000909
2023-08-07 14:50:48.648648648,PROD-0048,Unknown Product,,284.48,CUST-00089,TXN-000067
2023-02-14 00:00:00.000000000,PROD-0009,Charging Cable,1.0,447.34,CUST-00113,TXN-000308
2023-04-25 18:35:40.540540540,PROD-0047,Unknown Product,3.0,469.04,CUST-00148,TXN-000068
2023-07-25 03:17:28.648648650,PROD-0026,Unknown Product,6.0,414.73,CUST-00010,TXN-000199
2023-10-25 16:27:23.243243244,PROD-0030,Unknown Product,10.0,82.91,CUST-00015,TXN-000529
2023-08-09 19:18:55.135135136,PROD-0035,Unknown Product,10.0,198.9,CUST-00088,TXN-000482
2023-07-19 07:22:31.351351352,PROD-0024,Unknown Product,4.0,180.57,CUST-00074,TXN-000758
2023-05-22 17:42:20.540540540,PROD-0028,Unknown Product,6.0,155.31,CUST-00077,TXN-000988
2023-02-22 02:29:54.594594594,PROD-0033,Unknown Product,1.0,203.34,CUST-00084,TXN-000363
2023-03-02 20:22:20.540540541,PROD-0035,Unknown Product,4.0,103.15,CUST-00043,TXN-000845
2023-07-29 03:29:00.540540540,PROD-0046,Unknown Product,8.0,260.11,CUST-00123,TXN-000559
2023-10-01 06:33:30.810810812,PROD-0012,Unknown Product,9.0,243.45,CUST-00170,TXN-000619
2023-12-13 20:59:49.189189192,PROD-0040,Unknown Product,2.0,312.36,CUST-00038,TXN-000353
2023-02-04 14:45:02.702702703,PROD-0031,,2.0,156.9,CUST-00153,TXN-000761
2023-07-13 11:27:34.054054054,PROD-0025,Unknown Product,10.0,43.81,CUST-00026,TXN-000930
2023-05-20 21:58:55.135135136,PROD-0050,Unknown Product,5.0,417.37,CUST-00063,TXN-000293
2023-12-01 20:25:13.513513516,PROD-0010,Power Bank 10000mAh,,140.14,CUST-00029,TXN-000753
2023-07-22 05:20:00.000000000,PROD-0020,Unknown Product,4.0,337.82,CUST-00057,TXN-000101
2023-06-19 19:03:03.783783784,PROD-0026,Unknown Product,4.0,298.01,CUST-00070,TXN-DUP-000021
2023-10-26 01:12:04.324324324,PROD-0012,Unknown Product,3.0,270.89,CUST-00013,TXN-DUP-000030
2023-12-12 01:16:23.783783784,PROD-0024,Unknown Product,4.0,229.36,CUST-00104,TXN-000809
2023-03-15 14:26:18.378378379,PROD-0009,Charging Cable,4.0,389.2,CUST-00089,TXN-000306
2023-11-23 11:17:28.648648648,PROD-0022,Unknown Product,4.0,,CUST-00040,TXN-000629
2023-12-05 00:00:00.000000000,PROD-0017,Unknown Product,7.0,448.05,CUST-00124,TXN-000159
2023-10-19 03:03:03.783783784,PROD-0029,Unknown Product,9.0,428.44,CUST-00082,TXN-000552
2023-11-10 00:00:00.000000000,PROD-0033,Unknown Product,9.0,216.41,CUST-00167,TXN-000003
2023-08-09 01:49:32.972972972,PROD-0040,Unknown Product,7.0,195.76,CUST-00182,TXN-000729
2023-07-16 18:09:43.783783784,PROD-0041,Unknown Product,3.0,422.31,CUST-00100,TXN-000209
2023-09-02 11:43:25.405405408,PROD-0013,Unknown Product,6.0,440.7,CUST-00091,TXN-000300
2023-03-12 07:44:08.648648649,PROD-0044,Unknown Product,10.0,488.88,CUST-00158,TXN-000851
2023-01-08 15:38:22.702702702,PROD-0040,,3.0,91.76,CUST-00160,TXN-000437
2023-01-26 03:23:14.594594594,PROD-0018,Unknown Product,3.0,167.62,CUST-00037,TXN-000870
2023-09-19 23:28:17.297297296,PROD-0045,Unknown Product,10.0,70.27,CUST-00158,TXN-000412
2023-08-22 04:38:11.891891892,PROD-0042,Unknown Product,1.0,465.32,CUST-00036,TXN-000615
2023-10-27 20:55:29.729729732,PROD-0006,Headphones Wireless,10.0,475.72,CUST-00072,TXN-000908
2023-01-21 18:27:01.621621621,PROD-0049,Unknown Product,1.0,381.8,CUST-00139,TXN-000913
2023-10-27 20:55:29.729729732,PROD-0036,Unknown Product,2.0,351.63,CUST-00144,TXN-000997
2023-08-24 17:50:59.459459460,PROD-0037,Unknown Product,4.0,425.73,CUST-00183,TXN-000963
2023-07-18 05:08:28.108108108,PROD-0040,Unknown Product,3.0,214.09,CUST-00146,TXN-000701
2023-08-05 19:07:23.243243244,PROD-0032,Unknown Product,10.0,479.32,CUST-00113,TXN-000779
2023-03-08 16:17:17.837837838,PROD-0017,Unknown Product,10.0,304.94,CUST-00039,TXN-000307
2023-12-14 14:29:11.351351352,PROD-0011,Unknown Product,4.0,486.05,CUST-00018,TXN-DUP-000017
2023-04-28 07:48:28.108108108,PROD-0043,Unknown Product,8.0,38.25,CUST-00103,TXN-000494
2023-11-23 02:32:47.567567568,PROD-0010,Power Bank 10000mAh,5.0,228.75,CUST-00045,TXN-000424
2023-09-23 14:55:08.108108108,PROD-0002,Wireless Mouse,8.0,416.35,CUST-00120,TXN-000299
2023-02-27 04:55:29.729729730,PROD-0026,Unknown Product,6.0,380.54,CUST-00178,TXN-000468
2023-03-04 16:05:45.945945946,PROD-0043,Unknown Product,9.0,192.14,CUST-00042,TXN-000885
2023-09-08 16:23:03.783783784,PROD-0012,Unknown Product,5.0,388.84,CUST-00171,TXN-000756
2023-11-11 01:58:11.891891892,P0013,Unknown Product,9.0,261.13,CUST-00059,TXN-000107
2023-05-13 15:05:13.513513514,PROD-0020,Unknown Product,10.0,89.72,CUST-00007,TXN-000859
2023-10-30 18:52:58.378378380,PROD-0026,Unknown Product,2.0,26.47,CUST-00197,TXN-000056
2023-01-19 22:43:36.216216216,P0004,"Monitor 27""",2.0,436.58,CUST-00084,TXN-000121
2023-04-17 18:12:36.756756758,PROD-0024,Unknown Product,6.0,319.34,CUST-00097,TXN-000311
2023-05-31 11:34:46.486486486,PROD-0017,Unknown Product,9.0,101.19,CUST-00081,TXN-000026
2023-07-25 12:02:09.729729730,PROD-0014,Unknown Product,4.0,490.84,CUST-00002,TXN-000073
2023-05-29 07:06:40.000000000,PROD-0049,Unknown Product,7.0,490.68,CUST-00139,TXN-000531
2023-09-12 16:34:35.675675676,PROD-0013,Unknown Product,2.0,148.27,CUST-00189,TXN-000045
2023-05-21 06:43:36.216216216,PROD-0033,Unknown Product,4.0,374.16,CUST-00178,TXN-000276
2023-06-30 17:23:36.216216216,PROD-0010,Power Bank 10000mAh,9.0,151.32,CUST-00157,TXN-000479
2023-08-10 21:32:58.378378380,PROD-0031,Unknown Product,1.0,261.06,CUST-00082,TXN-000315
2023-07-05 19:49:11.351351352,PROD-0035,Unknown Product,7.0,147.53,CUST-00186,TXN-000337
2023-06-30 17:23:36.216216216,PROD-0021,Unknown Product,3.0,33.61,CUST-00046,TXN-000690
2023-09-08 07:38:22.702702704,PROD-0026,Unknown Product,5.0,295.28,CUST-00018,TXN-000431
2023-10-13 07:08:06.486486488,PROD-0005,Webcam HD,6.0,36.77,CUST-00168,TXN-000951
2023-08-02 21:09:54.594594596,PROD-0044,Unknown Product,1.0,476.2,CUST-00066,TXN-000834
2023-10-27 12:10:48.648648648,PROD-0016,Unknown Product,8.0,310.67,CUST-00136,TXN-000589
2023-09-09 09:52:25.945945948,PROD-0049,Unknown Product,3.0,113.88,CUST-00075,TXN-000704
2023-05-07 19:10:16.216216216,PROD-0040,Unknown Product,8.0,241.52,CUST-00107,TXN-000328
2023-09-05 18:25:35.135135136,PROD-0027,Unknown Product,9.0,178.15,CUST-00127,TXN-DUP-000016
2023-01-21 18:27:01.621621621,PROD-0048,Unknown Product,6.0,47.66,CUST-00009,TXN-000604
2023-03-24 08:18:44.324324325,PROD-0013,Unknown Product,6.0,111.47,CUST-00036,TXN-000928
2023-09-24 08:24:30.270270272,PROD-0045,Unknown Product,3.0,91.99,CUST-00013,TXN-000981
2023-09-14 03:33:20.000000000,PROD-0045,Unknown Product,5.0,405.28,CUST-00018,TXN-000972
2023-08-30 05:01:15.675675676,PROD-0017,Unknown Product,3.0,0.060813467316128945,CUST-00048,TXN-000763
2023-12-14 14:29:11.351351352,PROD-0011,Unknown Product,4.0,486.05,CUST00018,TXN-000332
2023-08-24 09:06:18.378378380,PROD-0001,Laptop Computer,9.0,211.44,CUST-00064,TXN-000061
2023-09-23 06:10:27.027027028,PROD-0034,,5.0,265.44,CUST-00085,TXN-000746
2023-08-26 04:49:43.783783784,PROD-0003,USB Keyboard,6.0,412.39,CUST-00027,TXN-000372
2023-07-25 20:46:50.810810812,PROD-0017,Unknown Product,2.0,356.84,CUST-00075,TXN-000093
2023-10-02 08:47:34.054054056,PROD-0034,Unknown Product,7.0,38.47,CUST-00144,TXN-000723
2023-12-24 19:20:21.621621624,PROD-0034,Unknown Product,5.0,158.14,CUST-00007,TXN-000491
2023-01-18 11:44:51.891891892,PROD-0023,Unknown Product,10.0,29.11,CUST-00074,TXN-000463
2023-09-06 03:10:16.216216216,PROD-0040,Unknown Product,4.0,429.31,CUST-00049,TXN-000219
2023-05-21 06:43:36.216216216,PROD-0041,Unknown Product,1.0,243.02,CUST-00065,TXN-000514
2023-02-04 14:45:02.702702703,PROD-0005,Webcam HD,2.0,323.83,CUST-00013,TXN-000621
2023-02-18 19:47:44.864864865,PROD-0038,Unknown Product,5.0,412.99,CUST-00104,TXN-000426
2023-12-06 05:21:26.486486488,PROD-0041,Unknown Product,7.0,172.36,CUST-00098,TXN-000333
2023-10-31 03:37:39.459459460,PROD-0005,Webcam HD,9.0,286.89,CUST-00045,TXN-000860
2023-11-18 08:51:53.513513516,PROD-0048,Unknown Product,4.0,381.91,CUST-00076,TXN-000990
2023-11-16 04:23:47.027027028,PROD-0032,Unknown Product,9.0,80.0,CUST-00159,TXN-000583
2023-02-24 15:42:42.162162162,PROD-0038,Unknown Product,10.0,258.63,CUST-00133,TXN-000356
2023-02-05 16:59:05.945945946,PROD-0025,Unknown Product,8.0,176.79,CUST00026,TXN-000483
2023-11-18 08:51:53.513513516,PROD-0050,Unknown Product,4.0,415.48,CUST-00036,TXN-000546
2023-06-17 23:19:38.378378378,PROD-0011,Unknown Product,6.0,395.28,CUST-00112,TXN-000111
2023-12-25 21:34:24.864864864,PROD-0049,Unknown Product,6.0,276.08,CUST-00093,TXN-000515
2023-08-08 17:04:51.891891892,PROD-0019,Unknown Product,4.0,156.79,C00092,TXN-000603
2023-01-04 06:42:09.729729729,PROD-0042,Unknown Product,1.0,415.48,CUST-00018,TXN-000996
2023-11-07 19:16:02.162162164,PROD-0050,,1.0,315.47,CUST-00025,TXN-000508
2023-05-06 16:56:12.972972974,prod-0014,Unknown Product,2.0,106.09,CUST-00150,TXN-000335
2023-10-17 07:19:38.378378380,PROD-0049,Unknown Product,5.0,480.47,CUST-00029,TXN-000849
2023-08-21 02:24:08.648648648,PROD-0005,Webcam HD,5.0,66.32,CUST-00174,TXN-000295
2023-03-21 19:05:56.756756757,PROD-0036,Unknown Product,8.0,26.99,CUST-00082,TXN-000287
2023-07-06 13:18:33.513513514,PROD-0028,Unknown Product,3.0,330.78,CUST-00120,TXN-000939
2023-03-23 23:34:03.243243243,PROD-0004,"Monitor 27""",10.0,210.72,CUST-00127,TXN-000448
2023-02-27 22:24:51.891891892,PROD-0002,Wireless Mouse,9.0,255.2,CUST-00134,TXN-000693
2023-09-30 21:48:49.729729732,PROD-0026,Unknown Product,2.0,145.32,CUST-00061,TXN-000653
2023-11-13 06:26:18.378378380,PROD-0017,Unknown Product,4.0,98.99,CUST-00141,TXN-000969
2023-02-10 19:24:41.081081081,PROD-0049,Unknown Product,10.0,452.42,CUST-00062,TXN-000278
2023-12-22 23:36:56.216216216,PROD-0019,Unknown Product,2.0,192.15,CUST-00061,TXN-000759
2023-02-16 15:19:38.378378378,PROD-0006,Headphones Wireless,10.0,109.85,CUST-00157,TXN-000138
2023-11-14 08:40:21.621621624,P0049,Unknown Product,4.0,227.58,CUST-00029,TXN-000502
2023-11-29 15:57:07.027027028,PROD-0029,Unknown Product,1.0,79.65,CUST-00169,TXN-000405
2023-06-23 10:29:54.594594596,PROD-0013,Unknown Product,3.0,71.16,CUST-00083,TXN-000524
2023-09-23 06:10:27.027027028,PROD-0016,Unknown Product,10.0,394.74,CUST-00166,TXN-000781
2023-12-05 03:07:23.243243244,PROD-0040,Unknown Product,8.0,0.032709046983737076,CUST-00015,TXN-000978
2023-03-13 01:13:30.810810811,PROD-0034,Unknown Product,4.0,418.73,CUST-00137,TXN-000581
2023-03-23 14:49:22.162162162,PROD-0004,"Monitor 27""",3.0,338.66,CUST-00054,TXN-000238
2023-08-05 01:38:01.081081080,PROD-0033,Unknown Product,5.0,360.07,CUST-00191,TXN-000989
2023-01-31 23:18:11.891891892,PROD-0034,Unknown Product,8.0,346.3,CUST-00045,TXN-000216
2023-11-22 17:48:06.486486488,prod-0004,"Monitor 27""",6.0,185.7,CUST-00034,TXN-000895
2023-12-21 03:53:30.810810812,PROD-0003,USB Keyboard,1.0,196.4,CUST-00111,TXN-000245
2023-09-22 12:41:04.864864864,PROD-0039,Unknown Product,7.0,225.18,CUST-00066,TXN-000553
2023-06-28 21:40:10.810810812,PROD-0034,Unknown Product,9.0,289.07,CUST-00036,TXN-000838
2023-07-05 19:49:11.351351352,PROD-0003,USB Keyboard,4.0,14.43,CUST-00155,TXN-000864
2023-01-09 00:23:03.783783783,PROD-0017,Unknown Product,4.0,222.57,CUST-00023,TXN-000668
2023-08-21 02:24:08.648648648,PROD-0037,Unknown Product,9.0,489.7,CUST-00011,TXN-000622
2023-06-15 10:06:50.810810812,PROD-0038,Unknown Product,1.0,486.28,CUST-00007,TXN-000079
2023-12-14 23:13:52.432432432,PROD-0038,Unknown Product,4.0,75.41,CUST-00032,TXN-000030
2023-08-10 12:48:17.297297296,PROD-0008,Smartphone,2.0,306.83,CUST-00143,TXN-000451
2023-12-29 21:45:56.756756756,PROD-0003,USB Keyboard,6.0,429.29,CUST-00019,TXN-000290
2023-09-07 22:53:41.621621624,PROD-0032,Unknown Product,1.0,0.09062341584041753,CUST-00134,TXN-000050
2023-10-03 19:46:18.378378380,PROD-0038,Unknown Product,9.0,482.4,CUST-00084,TXN-000671
2023-07-25 03:17:28.648648650,PROD-0031,Unknown Product,8.0,179.14,CUST-00089,TXN-000799
2023-03-20 16:51:53.513513514,PROD-0032,Unknown Product,1.0,492.64,CUST-00079,TXN-DUP-000020
2023-10-20 22:46:29.189189188,PROD-0015,Unknown Product,9.0,403.77,CUST-00183,TXN-000166
2023-06-10 07:41:15.675675676,PROD-0009,Charging Cable,10.0,470.98,CUST-00086,TXN-000931
2023-10-07 19:57:50.270270272,PROD-0007,"Tablet 10""",6.0,268.43,CUST-00053,TXN-000179
2023-06-22 17:00:32.432432432,PROD-0043,Unknown Product,2.0,222.04,CUST-00056,TXN-000694
2023-05-22 00:12:58.378378378,PROD-0017,Unknown Product,4.0,482.06,CUST-00043,TXN-000066
2023-02-20 06:46:29.189189189,PROD-0012,Unknown Product,2.0,293.02,CUST-00058,TXN-000142
2023-07-18 22:37:50.270270270,PROD-0016,Unknown Product,8.0,140.01,CUST-00148,TXN-000986
2023-12-26 15:03:47.027027028,PROD-0039,Unknown Product,10.0,52.68,CUST-00102,TXN-000352
2023-07-01 19:37:39.459459460,PROD-0030,Unknown Product,6.0,254.46,CUST-00184,TXN-000862
2023-03-25 10:32:47.567567568,PROD-0047,Unknown Product,3.0,179.48,CUST-00115,TXN-000441
2023-07-20 09:36:34.594594596,PROD-0042,Unknown Product,2.0,290.3,CUST-00055,TXN-000347
2023-03-23 14:49:22.162162162,PROD-0028,Unknown Product,5.0,456.28,CUST-00017,TXN-000255
2023-11-07 01:46:40.000000000,PROD-0001,Laptop Computer,2.0,234.27,CUST-00110,TXN-000695
2023-12-07 16:20:10.810810812,PROD-0025,Unknown Product,5.0,176.04,CUST-00068,TXN-000345
2023-12-13 20:59:49.189189192,PROD-0019,Unknown Product,2.0,146.85,CUST-00083,TXN-000222
2023-03-25 19:17:28.648648649,PROD-0006,Headphones Wireless,10.0,137.54,CUST-00114,TXN-000236
2023-02-21 17:45:13.513513513,PROD-0038,Unknown Product,9.0,291.03,CUST-00116,TXN-000548
2023-07-27 07:45:35.135135136,PROD-0024,Unknown Product,2.0,294.43,CUST-00025,TXN-000500
2023-02-08 06:11:53.513513513,PROD-0018,Unknown Product,5.0,180.92,CUST-00058,TXN-000596
2023-07-25 20:46:50.810810812,PROD-0009,Charging Cable,6.0,,CUST-00130,TXN-000941
2023-06-15 18:51:31.891891892,PROD-0024,Unknown Product,7.0,372.55,CUST-00073,TXN-000250
2023-02-20 06:46:29.189189189,PROD-0012,Unknown Product,2.0,293.02,CUST-00058,TXN-DUP-000004
2023-02-17 00:00:00.000000000,PROD-0027,Unknown Product,6.0,233.56,CUST-00153,TXN-000382
2023-05-06 16:56:12.972972974,PROD-0021,Unknown Product,5.0,368.1,CUST-00151,TXN-000072
2023-10-08 22:11:53.513513516,PROD-0029,Unknown Product,7.0,50.05,CUST-00027,TXN-000095
2023-04-25 01:06:18.378378378,prod-0037,Unknown Product,4.0,6772.741044143037,CUST-00146,TXN-000034
2023-12-21 21:22:52.972972972,PROD-0049,Unknown Product,7.0,366.07,CUST-00178,TXN-000260
2023-03-25 19:17:28.648648649,PROD-0025,,9.0,376.92,CUST-00048,TXN-000205
2023-08-11 06:17:39.459459460,PROD-0033,Unknown Product,8.0,496.48,CUST-00195,TXN-000360
2023-10-14 09:22:09.729729732,PROD-0021,Unknown Product,5.0,266.06,CUST-00071,TXN-000602
2023-02-10 10:40:00.000000000,PROD-0031,Unknown Product,10.0,438.11,CUST-00137,TXN-000399
2023-12-14 23:13:52.432432432,PROD-0034,Unknown Product,3.0,237.33,CUST-00072,TXN-000078
2023-03-16 16:40:21.621621622,PROD-0027,Unknown Product,9.0,132.97,CUST-00083,TXN-000085
2023-10-01 15:18:11.891891892,PROD-0014,Unknown Product,5.0,475.76,CUST-00189,TXN-000320
2023-12-10 05:32:58.378378380,PROD-0030,Unknown Product,3.0,84.11,CUST-00114,TXN-000083
2023-01-05 00:11:31.891891891,PROD-0015,Unknown Product,4.0,10.01,CUST-00197,TXN-000948
2023-10-31 21:07:01.621621624,PROD-0034,Unknown Product,4.0,115.71,CUST-00176,TXN-000708
2023-01-07 22:09:00.540540540,PROD-0001,Laptop Computer,6.0,199.4,CUST-00048,TXN-000539
2023-08-26 22:19:05.945945948,PROD-0028,Unknown Product,5.0,490.56,CUST-00185,TXN-000544
2023-02-18 02:18:22.702702703,PROD-0022,Unknown Product,1.0,34.49,CUST-00020,TXN-000826
2023-08-21 19:53:30.810810812,PROD-0023,Unknown Product,6.0,221.18,CUST-00134,TXN-000429
2023-10-07 02:28:28.108108108,PROD-0015,Unknown Product,3.0,307.47,CUST-00028,TXN-000310
2023-01-26 20:52:36.756756756,PROD-0032,Unknown Product,10.0,67.98,CUST-00081,TXN-000006
2023-06-11 18:40:00.000000000,PROD-0014,Unknown Product,1.0,78.99,CUST-00055,TXN-000789
2023-12-29 13:01:15.675675676,PROD-0006,Headphones Wireless,4.0,277.26,CUST-00118,TXN-000105
2023-09-13 18:48:38.918918920,P0017,Unknown Product,8.0,91.23,CUST-00134,TXN-000098
2023-01-19 22:43:36.216216216,PROD-0010,Power Bank 10000mAh,1.0,455.72,CUST-00102,TXN-000297
2023-09-14 21:02:42.162162164,PROD-0047,Unknown Product,10.0,248.14,CUST-00087,TXN-000409
2023-04-13 18:01:04.864864865,PROD-0036,Unknown Product,3.0,176.9,CUST-00167,TXN-000446
2023-03-11 00:00:00.000000000,PROD-0026,Unknown Product,9.0,27.65,CUST-00131,TXN-000904
2023-01-30 03:34:46.486486486,PROD-0026,Unknown Product,10.0,447.23,CUST-00016,TXN-000282
2023-09-09 18:37:07.027027028,PROD-0026,,9.0,274.94,CUST-00047,TXN-000267
2023-08-16 17:27:55.675675676,PROD-0050,Unknown Product,5.0,482.11,CUST-00160,TXN-000740
2023-10-02 00:00:00.000000000,PROD-0039,Unknown Product,2.0,379.59,CUST-00157,TXN-000887
2023-11-25 15:45:35.135135136,PROD-0016,Unknown Product,,193.91,CUST-00057,TXN-000535
2023-12-14 14:29:11.351351352,PROD-0043,Unknown Product,7.0,304.53,CUST-00150,TXN-000433
2023-02-18 11:03:03.783783784,PROD-0023,Unknown Product,3.0,263.18,CUST-00104,TXN-000912
2023-11-28 22:27:44.864864864,PROD-0023,Unknown Product,4.0,11.87,CUST-00149,TXN-000657
2023-05-03 18:58:44.324324324,PROD-0004,"Monitor 27""",5.0,440.14,CUST-00033,TXN-000119
2023-11-23 02:32:47.567567568,PROD-0008,Smartphone,1.0,15.74,CUST-00118,TXN-000406
2023-05-30 09:20:43.243243244,PROD-0031,Unknown Product,10.0,459.86,CUST-00155,TXN-000251
2023-02-05 16:59:05.945945946,PROD-0029,Unknown Product,5.0,305.86,CUST-00063,TXN-000378
2023-01-21 18:27:01.621621621,PROD-0002,Wireless Mouse,7.0,208.5,CUST-00062,TXN-000616
2023-02-14 02:06:50.810810811,PROD-0021,Unknown Product,2.0,290.22,CUST-00141,TXN-000010
2023-12-27 08:33:09.189189192,PROD-0023,Unknown Product,8.0,251.84,CUST-00021,TXN-000358
2023-09-28 08:36:02.162162164,PROD-0039,Unknown Product,3.0,95.14,CUST-00083,TXN-000197
2023-12-30 15:15:18.918918920,PROD-0017,Unknown Product,6.0,45.17,CUST-00094,TXN-000632
2023-10-10 09:10:37.837837840,PROD-0018,,2.0,65.91,CUST-00195,TXN-000082
2023-07-15 15:55:40.540540542,PROD-0019,Unknown Product,2.0,439.77,CUST-00169,TXN-000527
2023-11-03 19:04:30.270270272,PROD-0016,Unknown Product,2.0,128.57,CUST-00090,TXN-000831
2023-05-15 02:03:57.837837838,PROD-0049,Unknown Product,8.0,434.72,CUST-00126,TXN-000906
2023-05-18 00:01:26.486486486,PROD-0011,Unknown Product,6.0,64.38,CUST-00163,TXN-000240
2023-02-14 19:36:12.972972973,PROD-0012,Unknown Product,9.0,320.71,CUST-00188,TXN-000324
2023-02-27 22:24:51.891891892,PROD-0047,Unknown Product,7.0,320.73,CUST-00025,TXN-000212
2023-05-23 19:56:23.783783784,PROD-0046,Unknown Product,2.0,454.87,CUST-00148,TXN-000847
2023-02-03 03:46:18.378378378,PROD-0004,"Monitor 27""",8.0,478.46,CUST-00057,TXN-000549
2023-09-25 10:38:33.513513516,PROD-0007,"Tablet 10""",10.0,283.28,CUST-00017,TXN-000498
2023-05-04 12:28:06.486486486,PROD-0034,Unknown Product,5.0,26.26,CUST-00106,TXN-000228
2023-06-23 01:45:13.513513514,PROD-0034,Unknown Product,3.0,395.9,CUST-00071,TXN-000892
2023-02-22 02:29:54.594594594,PROD-0037,,3.0,343.01,CUST-00178,TXN-000815
2023-09-24 17:09:11.351351352,PROD-0018,Unknown Product,9.0,398.64,CUST-00156,TXN-000829
2023-08-22 22:07:34.054054056,PROD-0014,Unknown Product,,284.28,CUST-00158,TXN-000178
2023-12-16 01:27:55.675675676,PROD-0003,USB Keyboard,4.0,202.67,CUST-00145,TXN-000975
2023-11-18 08:51:53.513513516,PROD-0012,Unknown Product,5.0,355.74,CUST-00033,TXN-000434
2023-08-27 15:48:28.108108108,PROD-0034,,5.0,218.36,CUST-00011,TXN-000944
2023-02-07 12:42:31.351351351,PROD-0022,Unknown Product,3.0,482.37,CUST-00080,TXN-000517
2023-10-11 11:24:41.081081080,PROD-0008,Smartphone,10.0,204.54,CUST-00129,TXN-000351
2023-05-23 00:00:00.000000000,PROD-0040,Unknown Product,10.0,363.85,CUST-00108,TXN-000519
2023-01-08 06:53:41.621621621,PROD-0049,Unknown Product,5.0,421.5,CUST-00169,TXN-000008
2023-03-14 20:56:56.216216216,PROD-0030,Unknown Product,2.0,78.95,CUST-00089,TXN-000156
2023-06-21 06:01:48.108108108,PROD-0012,Unknown Product,10.0,28.41,CUST-00046,TXN-000945
2023-02-22 02:29:54.594594594,PROD-0037,,3.0,343.01,CUST-00178,TXN-DUP-000018
2023-08-29 02:47:12.432432432,PROD-0029,Unknown Product,7.0,78.61,CUST-00079,TXN-000330
2023-05-26 09:09:11.351351352,PROD-0002,Wireless Mouse,8.0,434.13,CUST-00006,TXN-000543
2023-01-14 11:33:20.000000000,P0033,Unknown Product,6.0,446.15,CUST-00138,TXN-000440
2023-11-21 06:49:22.162162164,PROD-0035,Unknown Product,5.0,75.79,CUST-00150,TXN-000810
2023-05-07 10:25:35.135135136,PROD-0010,Power Bank 10000mAh,679.0,257.92,CUST-00052,TXN-000901
2023-04-03 04:25:13.513513514,PROD-0006,Headphones Wireless,2.0,477.98,CUST-00188,TXN-000371
2023-12-13 03:30:27.027027028,PROD-0019,Unknown Product,6.0,255.31,CUST-00127,TXN-000605
2023-07-02 13:07:01.621621622,PROD-0029,Unknown Product,7.0,379.58,CUST-00168,TXN-000974
2023-05-15 10:48:38.918918920,PROD-0031,Unknown Product,8.0,209.48,CUST-00062,TXN-000594
2023-03-02 11:37:39.459459460,PROD-0009,Charging Cable,5.0,334.59,CUST-00020,TXN-000877
2023-11-07 19:16:02.162162164,PROD-0032,Unknown Product,1.0,447.61,CUST-00045,TXN-000555
2023-03-11 14:14:46.486486487,PROD-0049,Unknown Product,4.0,18.6,CUST-00127,TXN-000754
2023-06-11 18:40:00.000000000,PROD-0001,,1.0,220.06,CUST-00095,TXN-000874
2023-10-29 07:54:14.054054056,PROD-0029,Unknown Product,1.0,433.14,CUST-00174,TXN-000533
2023-04-20 07:25:24.324324324,PROD-0030,Unknown Product,1.0,122.05,CUST-00073,TXN-000867
2023-10-18 09:33:41.621621624,PROD-0045,Unknown Product,2.0,158.93,CUST-00160,TXN-000229
2023-08-16 08:43:14.594594596,PROD-0022,Unknown Product,3.0,337.6,CUST-00177,TXN-000391
2023-12-30 15:15:18.918918920,PROD-0008,Smartphone,4.0,10.66,C00171,TXN-000760
2023-11-02 08:05:45.945945948,PROD-0036,Unknown Product,1.0,71.87,CUST-00028,TXN-000213
2023-06-05 14:00:21.621621622,PROD-0050,Unknown Product,10.0,308.18,CUST-00184,TXN-000080
2023-05-18 17:30:48.648648650,PROD-0045,Unknown Product,6.0,350.99,CUST-00169,TXN-000149
2023-03-31 15:12:25.945945946,PROD-0020,Unknown Product,2.0,220.91,CUST-00073,TXN-000303
2023-04-11 13:32:58.378378379,PROD-0005,Webcam HD,4.0,162.5,CUST-00147,TXN-000449
2023-10-06 00:14:24.864864864,PROD-0017,Unknown Product,,144.62,CUST-00047,TXN-000362
2023-07-10 22:14:46.486486486,PROD-0045,,9.0,246.87,CUST-00181,TXN-000532
2023-12-02 05:09:54.594594596,PROD-0029,Unknown Product,6.0,236.71,CUST-00131,TXN-000530
2023-06-23 01:45:13.513513514,PROD-0045,Unknown Product,2.0,37.96,CUST-00162,TXN-000044
2023-10-19 20:32:25.945945948,PROD-0042,Unknown Product,,251.97,CUST-00161,TXN-000674
2023-11-08 21:30:05.405405408,PROD-0028,Unknown Product,6.0,412.83,CUST-00105,TXN-000134
2023-01-19 22:43:36.216216216,PROD-0003,USB Keyboard,7.0,341.64,CUST-00091,TXN-000576
2023-04-12 15:47:01.621621622,PROD-0038,Unknown Product,5.0,299.93,CUST-00182,TXN-000312
2023-07-31 07:57:07.027027028,PROD-0046,Unknown Product,6.0,359.84,CUST-00139,TXN-000635
2023-09-06 03:10:16.216216216,PROD-0008,Smartphone,6.0,156.7,CUST-00062,TXN-000568
2023-03-09 09:46:40.000000000,PROD-0039,Unknown Product,5.0,222.08,CUST-00059,TXN-000821
2023-02-07 03:57:50.270270270,PROD-0045,Unknown Product,5.0,467.23,CUST-00151,TXN-000001
2023-05-07 19:10:16.216216216,PROD-0009,Charging Cable,6.0,492.17,CUST-00061,TXN-000478
2023-12-24 10:35:40.540540540,PROD-0005,Webcam HD,3.0,198.41,CUST-00187,TXN-000317
2023-10-28 14:24:51.891891892,PROD-0035,Unknown Product,8.0,14.86,CUST-00177,TXN-000738
2023-08-11 23:47:01.621621624,PROD-0008,Smartphone,1.0,479.15,CUST-00122,TXN-000573
2023-03-17 10:09:43.783783784,PROD-0039,Unknown Product,2.0,198.08,CUST-00088,TXN-000381
2023-10-01 06:33:30.810810812,PROD-0042,Unknown Product,3.0,106.49,CUST-00013,TXN-000833
2023-12-02 22:39:16.756756756,PROD-0032,Unknown Product,10.0,492.58,CUST-00115,TXN-000973
2023-02-02 10:16:56.216216216,PROD-0006,Headphones Wireless,6.0,373.53,CUST-00057,TXN-000962
2023-12-16 18:57:17.837837840,PROD-0014,Unknown Product,4.0,91.32,CUST-00108,TXN-000173
2023-03-10 03:16:02.162162162,PROD-0027,Unknown Product,9.0,23.31,CUST-00147,TXN-000126
2023-05-10 17:07:44.864864866,PROD-0034,Unknown Product,6.0,447.02,CUST-00132,TXN-000667
2023-08-28 18:02:31.351351352,PROD-0040,Unknown Product,7.0,23.49,CUST-00033,TXN-DUP-000028
2023-01-03 21:57:28.648648648,PROD-0002,Wireless Mouse,4.0,497.46,CUST-00037,TXN-000835
2023-05-16 13:02:42.162162162,PROD-0029,Unknown Product,7.0,84.28,CUST-00022,TXN-000940
2023-01-01 08:44:41.081081081,PROD-0030,Unknown Product,5.0,364.18,CUST-00126,TXN-000091
2023-09-21 10:27:01.621621624,PROD-0027,Unknown Product,2.0,276.8,CUST-00063,TXN-000979
2023-07-02 21:51:42.702702704,PROD-0023,Unknown Product,9.0,48.91,CUST-00067,TXN-000182
2023-05-06 16:56:12.972972974,PROD-0047,Unknown Product,1.0,216.7,CUST-00083,TXN-000364
2023-10-21 16:15:51.351351352,PROD-0020,Unknown Product,8.0,156.96,CUST-00061,TXN-000275
2023-04-25 18:35:40.540540540,PROD-0013,Unknown Product,4.0,158.44,CUST-00181,TXN-000965
2023-03-29 19:29:00.540540541,PROD-0015,Unknown Product,8.0,215.21,CUST-00196,TXN-000070
2023-03-23 14:49:22.162162162,PROD-0006,Headphones Wireless,9.0,41.18,CUST-00187,TXN-000292
2023-10-23 20:43:57.837837840,PROD-0005,Webcam HD,1.0,61.68,CUST-00082,TXN-000132
2023-09-16 08:01:26.486486488,PROD-0040,Unknown Product,936.0,290.17,CUST-00008,TXN-000301
2023-05-06 16:56:12.972972974,PROD-0036,Unknown Product,2.0,399.31,CUST-00134,TXN-000606
2023-06-18 16:49:00.540540540,PROD-0001,Laptop Computer,7.0,187.31,CUST-00114,TXN-000327
2023-05-23 11:11:42.702702704,PROD-0034,Unknown Product,9.0,204.03,CUST-00062,TXN-000145
2023-05-21 15:28:17.297297298,PROD-0045,Unknown Product,3.0,459.94,CUST-00138,TXN-000899
2023-01-01 08:44:41.081081081,PROD-0030,Unknown Product,5.0,364.18,CUST-00126,TXN-DUP-000022
2023-10-05 06:45:02.702702704,PROD-0037,Unknown Product,3.0,455.87,CUST-00119,TXN-000669
2023-07-09 11:16:02.162162162,PROD-0022,Unknown Product,4.0,390.05,CUST-00136,TXN-000136
2023-04-14 02:45:45.945945946,PROD-0042,Unknown Product,1.0,188.65,CUST-00126,TXN-000452
2023-09-22 21:25:45.945945948,PROD-0035,Unknown Product,6.0,442.38,CUST-00171,TXN-000165
2023-03-11 14:14:46.486486487,PROD-0005,Webcam HD,6.0,246.65,CUST-00100,TXN-000029
2023-12-11 00:00:00.000000000,PROD-0043,Unknown Product,1.0,424.5,CUST-00164,TXN-000588
2023-09-09 09:52:25.945945948,PROD-0010,Power Bank 10000mAh,7.0,252.16,CUST-00157,TXN-000194
2023-01-12 15:49:54.594594594,PROD-0047,Unknown Product,2.0,166.24,CUST-00108,TXN-000430
2023-09-25 01:53:52.432432432,PROD-0038,Unknown Product,1.0,396.58,CUST-00181,TXN-000666
2023-04-02 19:40:32.432432433,PROD-0040,Unknown Product,10.0,304.76,CUST-00082,TXN-000987
2023-09-22 03:56:23.783783784,PROD-0026,Unknown Product,8.0,,CUST-00041,TXN-000170
2023-10-04 04:30:59.459459460,PROD-0023,Unknown Product,5.0,145.13,CUST-00194,TXN-000526
2023-01-23 14:10:27.027027027,PROD-0041,Unknown Product,1.0,398.5,CUST-00006,TXN-000141
2023-09-26 21:37:17.837837840,prod-0024,Unknown Product,7.0,0.033911700837963715,CUST-00147,TXN-000174
2023-09-13 01:19:16.756756756,PROD-0047,Unknown Product,10.0,210.85,CUST-00162,TXN-000007
2023-09-25 19:23:14.594594596,PROD-0037,Unknown Product,4.0,21.56,CUST-00152,TXN-000765
2023-10-23 03:14:35.675675676,PROD-0049,Unknown Product,9.0,271.36,CUST-00179,TXN-000520
2023-08-28 18:02:31.351351352,PROD-0006,Headphones Wireless,4.0,91.81,CUST-00063,TXN-000679
2023-11-23 20:02:09.729729732,PROD-0002,Wireless Mouse,6.0,135.7,CUST-00120,TXN-000074
2023-07-22 05:20:00.000000000,PROD-0036,Unknown Product,4.0,371.91,CUST-00031,TXN-000714
2023-03-22 21:20:00.000000000,PROD-0021,Unknown Product,8.0,320.03,CUST-00136,TXN-000676
2023-05-20 00:00:00.000000000,PROD-0030,Unknown Product,10.0,284.62,CUST-00178,TXN-000239
2023-09-03 13:57:28.648648648,PROD-0049,Unknown Product,1.0,458.39,CUST-00169,TXN-000146
2023-03-22 21:20:00.000000000,PROD-0004,"Monitor 27""",10.0,228.32,CUST-00040,TXN-000824
2023-06-21 23:31:10.270270270,PROD-0006,Headphones Wireless,,335.84,CUST-00074,TXN-000235
2023-07-28 18:44:19.459459460,P0044,Unknown Product,8.0,420.15,CUST-00164,TXN-000221
2023-03-30 04:13:41.621621622,PROD-0022,Unknown Product,10.0,169.3,CUST-00113,TXN-000215
2023-04-04 15:23:57.837837838,PROD-0026,Unknown Product,829.0,325.63,CUST-00120,TXN-000689
2023-01-24 07:39:49.189189189,PROD-0018,Unknown Product,9.0,331.82,CUST-00063,TXN-000133
2023-06-14 16:37:28.648648650,PROD-0009,Charging Cable,7.0,347.25,CUST-00107,TXN-DUP-000029
2023-10-24 00:00:00.000000000,PROD-0014,Unknown Product,7.0,247.94,CUST-00175,TXN-000458
2023-01-06 11:10:16.216216216,PROD-0007,"Tablet 10""",2.0,354.24,CUST-00163,TXN-000685
2023-07-03 06:36:23.783783784,PROD-0011,Unknown Product,9.0,396.6,CUST-00151,TXN-000423
2023-10-17 07:19:38.378378380,PROD-0045,Unknown Product,7.0,411.34,CUST-00073,TXN-000186
2023-07-05 19:49:11.351351352,PROD-0046,Unknown Product,10.0,478.74,CUST-00033,TXN-000042
2023-12-17 12:26:40.000000000,PROD-0050,Unknown Product,1.0,264.88,CUST-00178,TXN-000639
2023-04-09 09:04:51.891891892,PROD-0043,Unknown Product,9.0,235.03,CUST-00062,TXN-000109
2023-08-19 15:25:24.324324324,PROD-0003,USB Keyboard,2.0,453.99,CUST-00170,TXN-000617
2023-07-03 15:21:04.864864866,PROD-0034,Unknown Product,2.0,40.7,CUST-00027,TXN-000057
2023-10-18 09:33:41.621621624,PROD-0037,Unknown Product,2.0,341.79,C00118,TXN-000450
2023-11-14 17:25:02.702702704,PROD-0026,Unknown Product,9.0,,CUST-00051,TXN-000774
2023-12-07 16:20:10.810810812,PROD-0004,"Monitor 27""",4.0,53.42,CUST-00058,TXN-000590
2023-05-12 04:06:29.189189190,PROD-0008,Smartphone,5.0,331.75,CUST-00020,TXN-000896
2023-05-17 06:32:04.324324324,PROD-0013,Unknown Product,4.0,193.53,CUST-00126,TXN-000436
2023-06-28 21:40:10.810810812,PROD-0028,Unknown Product,10.0,422.55,CUST-00065,TXN-000025
2023-06-20 12:32:25.945945946,PROD-0044,Unknown Product,8.0,479.39,CUST-00175,TXN-000811
2023-02-16 06:34:57.297297297,PROD-0044,Unknown Product,3.0,177.8,CUST-00053,TXN-000495
2023-03-01 00:38:55.135135135,PROD-0025,Unknown Product,8.0,423.39,CUST-00166,TXN-000827
2023-10-01 15:18:11.891891892,PROD-0033,Unknown Product,3.0,392.51,CUST-00081,TXN-000982
2023-08-28 18:02:31.351351352,PROD-0047,Unknown Product,10.0,44.87,CUST-00101,TXN-000929
2023-03-06 11:49:11.351351352,PROD-0028,Unknown Product,1.0,169.39,CUST-00184,TXN-000966
2023-02-23 13:28:38.918918919,PROD-0037,Unknown Product,2.0,263.12,CUST-00004,TXN-000339
2023-07-24 18:32:47.567567568,PROD-0028,Unknown Product,3.0,230.37,CUST-00177,TXN-000052
2023-02-25 00:27:23.243243243,PROD-0029,Unknown Product,6.0,69.3,CUST-00046,TXN-000384
2023-04-27 14:19:05.945945946,PROD-0014,Unknown Product,10.0,260.52,CUST-00194,TXN-000540
2023-09-15 23:16:45.405405408,PROD-0013,Unknown Product,4.0,261.79,CUST-00038,TXN-000992
2023-05-04 21:12:47.567567568,PROD-0018,Unknown Product,2.0,59.93,CUST-00155,TXN-000661
2023-09-11 23:05:13.513513516,PROD-0048,Unknown Product,9.0,217.09,CUST-00106,TXN-000964
2023-06-21 14:46:29.189189190,PROD-0011,Unknown Product,6.0,65.16,CUST-00111,TXN-000265
2023-05-29 07:06:40.000000000,PROD-0015,Unknown Product,6.0,158.93,CUST-00172,TXN-000955
2023-01-27 00:00:00.000000000,PROD-0044,Unknown Product,5.0,342.0,CUST-00186,TXN-000742
2023-01-16 07:16:45.405405405,PROD-0033,Unknown Product,7.0,329.3,CUST-00189,TXN-000713
2023-10-10 09:10:37.837837840,PROD-0044,Unknown Product,4.0,322.08,CUST-00011,TXN-000445
2023-11-07 01:46:40.000000000,PROD-0033,Unknown Product,9.0,321.69,CUST-00097,TXN-000396
2023-07-06 04:33:52.432432432,PROD-0050,Unknown Product,4.0,292.87,CUST-00022,TXN-000542
2023-01-07 04:39:38.378378378,PROD-0024,Unknown Product,4.0,142.42,CUST-00193,TXN-000496
2023-08-30 13:45:56.756756756,PROD-0041,Unknown Product,2.0,263.86,CUST-00076,TXN-000019
2023-04-11 13:32:58.378378379,PROD-0012,Unknown Product,2.0,488.25,CUST-00125,TXN-000747
2023-01-14 20:18:01.081081081,PROD-0032,Unknown Product,2.0,397.35,CUST-00157,TXN-000523
2023-08-20 08:54:46.486486488,PROD-0048,Unknown Product,6.0,42.34,CUST-00039,TXN-000595
2023-04-20 16:10:05.405405406,PROD-0026,Unknown Product,10.0,480.96,CUST-00039,TXN-000480
2023-01-01 08:44:41.081081081,PROD-0040,Unknown Product,9.0,307.87,CUST-00129,TXN-000368
2023-01-13 09:19:16.756756756,PROD-0015,Unknown Product,1.0,120.41,CUST-00016,TXN-000084
2023-01-08 06:53:41.621621621,PROD-0044,,7.0,180.2,CUST-00190,TXN-000062
2023-09-12 16:34:35.675675676,PROD-0026,Unknown Product,10.0,275.29,CUST-00017,TXN-000484
2023-04-08 06:50:48.648648649,PROD-0004,"Monitor 27""",1.0,303.2,CUST-00034,TXN-000273
2023-08-22 13:22:52.972972972,PROD-0011,Unknown Product,4.0,399.34,CUST-00138,TXN-000286
2023-04-06 11:07:23.243243243,PROD-0025,Unknown Product,9.0,6474.086191733834,CUST-00109,TXN-000361
2023-12-11 07:47:01.621621624,PROD-0032,Unknown Product,1.0,179.16,CUST-00157,TXN-000355
2023-02-15 21:50:16.216216216,PROD-0005,Webcam HD,4.0,123.87,CUST-00021,TXN-000612
2023-08-11 23:47:01.621621624,PROD-0012,Unknown Product,3.0,427.61,CUST-00058,TXN-000279
2023-05-01 05:45:56.756756758,PROD-0022,Unknown Product,7.0,187.5,CUST-00084,TXN-000013
2023-10-07 02:28:28.108108108,PROD-0046,Unknown Product,10.0,368.43,CUST-00134,TXN-000183
2023-11-23 11:17:28.648648648,PROD-0039,,10.0,161.59,CUST-00196,TXN-000369
2023-11-12 12:56:56.216216216,PROD-0032,Unknown Product,3.0,472.58,CUST-00173,TXN-000528
2023-12-29 21:45:56.756756756,PROD-0002,Wireless Mouse,8.0,149.29,CUST-00146,TXN-000644
2023-10-17 16:04:19.459459460,PROD-0041,Unknown Product,3.0,350.13,CUST-00138,TXN-000224
2023-02-13 08:37:28.648648649,PROD-0033,Unknown Product,1.0,45.44,CUST-00029,TXN-000600
2023-01-14 00:00:00.000000000,PROD-0016, ,6.0,450.29,CUST-00139,TXN-000766
2023-04-08 06:50:48.648648649,PROD-0035,Unknown Product,4.0,441.28,CUST-00038,TXN-000707
2023-01-20 07:28:17.297297297,PROD-0024,Unknown Product,2.0,146.59,CUST-00116,TXN-000571
2023-03-11 05:30:05.405405406,PROD-0002,Wireless Mouse,8.0,275.44,CUST-00069,TXN-000487
2023-03-04 07:21:04.864864865,PROD-0037,Unknown Product,4.0,88.41,CUST-00193,TXN-000466
2023-01-17 18:15:29.729729729,PROD-0014,Unknown Product,1.0,210.61,CUST-00082,TXN-000933
2023-11-10 08:28:49.729729732,PROD-0032,Unknown Product,4.0,403.94,CUST-00081,TXN-000637
2023-06-17 23:19:38.378378378,PROD-0026,Unknown Product,6.0,16.18,CUST-00066,TXN-000177
2023-08-30 13:45:56.756756756,PROD-0036,Unknown Product,8.0,112.35,CUST-00187,TXN-000696
2023-03-15 23:10:59.459459460,PROD-0034,Unknown Product,2.0,421.28,CUST-00156,TXN-000656
2023-11-27 11:29:00.540540540,PROD-0011,Unknown Product,4.0,403.71,CUST-00090,TXN-000614
2023-10-29 16:38:55.135135136,PROD-0029,Unknown Product,10.0,78.87,CUST-00137,TXN-000457
2023-12-20 00:00:00.000000000,PROD-0049,Unknown Product,1.0,209.72,CUST-00104,TXN-000545
2023-06-03 09:32:15.135135136,PROD-0005,Webcam HD,6.0,300.89,CUST-00039,TXN-000394
2023-07-28 18:44:19.459459460,PROD-0049,Unknown Product,9.0,50.9,CUST-00154,TXN-000164
2023-09-16 08:01:26.486486488,PROD-0036,Unknown Product,4.0,30.59,C00123,TXN-000249
2023-08-11 15:02:20.540540540,PROD-0042,Unknown Product,6.0,142.49,CUST-00135,TXN-000663
2023-01-29 18:50:05.405405405,PROD-0018,Unknown Product,5.0,243.4,CUST-00138,TXN-000921
2023-10-18 09:33:41.621621624,PROD-0027,Unknown Product,4.0,360.02,CUST-00183,TXN-000998
2023-01-03 21:57:28.648648648,PROD-0015,Unknown Product,9.0,136.23,CUST-00021,TXN-000376
2023-12-15 07:58:33.513513516,PROD-0002,Wireless Mouse,2.0,283.73,CUST-00057,TXN-000413
2023-05-04 12:28:06.486486486,PROD-0011,Unknown Product,3.0,330.55,CUST-00022,TXN-000075
2023-03-04 16:05:45.945945946,PROD-0049,Unknown Product,10.0,473.76,CUST-00093,TXN-000917
2023-09-13 10:03:57.837837840,PROD-0016,Unknown Product,2.0,90.71,CUST-00123,TXN-000114
2023-04-28 07:48:28.108108108,PROD-0033,Unknown Product,3.0,78.21,CUST-00131,TXN-000501
2023-05-08 03:54:57.297297298,PROD-0032,Unknown Product,9.0,332.68,CUST-00048,TXN-000586
2023-04-18 11:41:58.918918920,PROD-0031,Unknown Product,8.0,6461.2447836969395,CUST-00194,TXN-000115
2023-10-19 11:47:44.864864864,PROD-0026,Unknown Product,8.0,,CUST-00141,TXN-000418
2023-05-22 00:12:58.378378378,PROD-0015,Unknown Product,1.0,431.47,CUST-00012,TXN-000090
2023-02-14 02:06:50.810810811,PROD-0048,Unknown Product,7.0,483.75,CUST-00087,TXN-000959
2023-03-10 20:45:24.324324325,PROD-0043,Unknown Product,7.0,118.22,CUST-00015,TXN-000902
2023-06-12 12:09:22.162162162,PROD-0030,Unknown Product,6.0,128.55,CUST-00044,TXN-000634
2023-10-05 06:45:02.702702704,PROD-0031,Unknown Product,2.0,12.14,CUST-00165,TXN-000678
2023-03-19 23:22:31.351351352,PROD-0025,Unknown Product,2.0,100.39,CUST-00006,TXN-000012
2023-04-03 04:25:13.513513514,PROD-0038,Unknown Product,5.0,457.51,CUST-00113,TXN-000397
2023-09-11 23:05:13.513513516,PROD-0019,Unknown Product,5.0,229.68,CUST-00192,TXN-000558
2023-09-06 03:10:16.216216216,PROD-0001,Laptop Computer,8.0,43.79,CUST-00014,TXN-000043
2023-09-06 20:39:38.378378380,PROD-0022,Unknown Product,9.0,483.89,CUST-00157,TXN-000168
2023-07-30 23:12:25.945945948,PROD-0036,Unknown Product,10.0,424.35,CUST-00087,TXN-000417
2023-05-24 22:10:27.027027028,PROD-0007,"Tablet 10""",8.0,105.96,CUST-00155,TXN-000788
2023-03-12 16:28:49.729729730,PROD-0006,Headphones Wireless,4.0,,CUST-00085,TXN-000427
2023-10-29 16:38:55.135135136,PROD-0042,Unknown Product,2.0,447.35,CUST-00094,TXN-000918
2023-08-24 17:50:59.459459460,PROD-0037,Unknown Product,4.0,425.73,CUST-00183,TXN-DUP-000003
2023-04-14 11:30:27.027027027,PROD-0047,Unknown Product,4.0,164.66,CUST-00091,TXN-000715
2023-08-07 23:35:29.729729732,PROD-0025,Unknown Product,6.0,70.94,CUST-00035,TXN-000732
2023-09-06 20:39:38.378378380,PROD-0015,Unknown Product,6.0,18.82,CUST-00041,TXN-000258
2023-12-17 12:26:40.000000000,PROD-0030,Unknown Product,10.0,,CUST-00139,TXN-000336
2023-05-16 13:02:42.162162162,PROD-0013,Unknown Product,9.0,21.85,CUST-00081,TXN-000016
2023-03-21 01:36:34.594594595,PROD-0037,Unknown Product,2.0,130.94,CUST-00122,TXN-000658
2023-03-09 18:31:21.081081081,PROD-0035,Unknown Product,2.0,44.76,CUST-00168,TXN-000325
2023-03-26 12:46:50.810810811,PROD-0015,Unknown Product,1.0,314.98,CUST-00182,TXN-000790
2023-08-24 00:21:37.297297296,PROD-0042,Unknown Product,1.0,325.01,CUST-00129,TXN-000223
2023-01-02 00:00:00.000000000,PROD-0003,USB Keyboard,10.0,362.48,CUST-00034,TXN-000180
2023-09-23 14:55:08.108108108,PROD-0017,Unknown Product,3.0,426.49,CUST-00005,TXN-000100
2023-03-05 18:19:49.189189189,PROD-0001,Laptop Computer,9.0,74.02,CUST-00199,TXN-000522
2023-10-08 04:42:31.351351352,PROD-0048,Unknown Product,3.0,220.53,CUST-00183,TXN-000023
2023-05-31 20:19:27.567567568,PROD-0033,Unknown Product,8.0,438.37,CUST-00092,TXN-000357
2023-11-27 11:29:00.540540540,PROD-0026,Unknown Product,9.0,190.67,CUST-00157,TXN-000697
2023-12-07 07:35:29.729729732,PROD-0020,Unknown Product,1.0,127.8,CUST-00050,TXN-000897
2023-09-16 16:46:07.567567568,PROD-0019,Unknown Product,1.0,13.76,CUST-00061,TXN-000341
2023-06-17 05:50:16.216216216,PROD-0046,Unknown Product,7.0,191.87,CUST-00094,TXN-000432
2023-07-28 01:14:57.297297298,PROD-0033,Unknown Product,,415.95,CUST-00158,TXN-000577
2023-02-17 17:33:41.621621621,PROD-0050,Unknown Product,8.0,320.84,CUST-00163,TXN-000868
2023-05-28 22:21:58.918918920,PROD-0020,Unknown Product,8.0,230.67,CUST-00179,TXN-000204
2023-03-13 01:13:30.810810811,PROD-0039,,10.0,301.61,CUST-00114,TXN-000737
2023-02-08 06:11:53.513513513,PROD-0005,Webcam HD,4.0,276.33,CUST-00133,TXN-000094
2023-12-28 02:02:31.351351352,PROD-0024,Unknown Product,7.0,379.18,CUST-00124,TXN-000584
2023-01-05 17:40:54.054054054,PROD-0023,Unknown Product,1.0,35.61,CUST-00095,TXN-000069
2023-01-17 18:15:29.729729729,PROD-0046,Unknown Product,5.0,260.45,CUST-00166,TXN-000651
2023-01-01 08:44:41.081081081,PROD-0037,Unknown Product,5.0,127.36,CUST-00048,TXN-000285
2023-12-14 05:44:30.270270272,PROD-0042,Unknown Product,9.0,490.76,CUST-00066,TXN-000837
2023-06-20 21:17:07.027027028,PROD-0026,Unknown Product,9.0,347.32,CUST-00158,TXN-000435
2023-01-10 00:00:00.000000000,PROD-0022,,10.0,145.68,CUST-00010,TXN-000154
2023-02-03 03:46:18.378378378,PROD-0039,Unknown Product,9.0,107.07,CUST-00115,TXN-000076
2023-08-30 13:45:56.756756756,PROD-0021,Unknown Product,8.0,326.76,CUST-00020,TXN-000762
2023-01-10 11:21:48.108108108,PROD-0048,Unknown Product,8.0,45.14,CUST-00047,TXN-000447
2023-01-06 02:25:35.135135135,PROD-0035,Unknown Product,10.0,164.03,CUST-00070,TXN-000189
2023-07-25 03:17:28.648648650,PROD-0026,Unknown Product,5.0,157.62,CUST-00176,TXN-000272
2023-03-10 20:45:24.324324325,PROD-0048,Unknown Product,3.0,454.53,CUST-00027,TXN-000237
2023-04-02 19:40:32.432432433,PROD-0007,"Tablet 10""",8.0,383.33,CUST-00026,TXN-000488
2023-03-10 20:45:24.324324325,PROD-0034,Unknown Product,6.0,317.03,CUST-00067,TXN-000560
2023-09-30 13:04:08.648648648,PROD-0008,Smartphone,8.0,110.39,CUST-00196,TXN-000118
2023-07-08 00:17:17.837837838,PROD-0016,Unknown Product,1.0,381.08,CUST-00128,TXN-000852
2023-06-28 04:10:48.648648650,PROD-0020,Unknown Product,5.0,29.34,CUST-00056,TXN-000513
2023-01-02 10:58:44.324324324,PROD-0047,Unknown Product,6.0,17.01,CUST-00062,TXN-000579
2023-03-19 23:22:31.351351352,PROD-0013,Unknown Product,8.0,490.78,CUST-00131,TXN-000828
2023-05-19 02:15:29.729729730,PROD-0029,Unknown Product,8.0,41.95,CUST-00128,TXN-000127
2023-09-19 23:28:17.297297296,PROD-0016,Unknown Product,,264.5,CUST-00167,TXN-000117
2023-11-21 15:34:03.243243244,PROD-0015,Unknown Product,7.0,163.84,CUST-00176,TXN-000474
2023-01-13 00:00:00.000000000,PROD-0009,Charging Cable,6.0,64.64,CUST-00013,TXN-000724
2023-02-17 08:49:00.540540540,PROD-0003,USB Keyboard,4.0,454.15,C00080,TXN-000058
2023-06-05 05:15:40.540540540,prod-0039,Unknown Product,7.0,332.1,CUST-00182,TXN-000705
2023-04-30 21:01:15.675675676,PROD-0040,Unknown Product,10.0,214.12,CUST-00192,TXN-000949
2023-04-21 09:39:27.567567568,PROD-0006,Headphones Wireless,2.0,413.66,CUST-00140,TXN-000370
2023-10-30 01:23:36.216216216,P0044,Unknown Product,2.0,128.53,CUST-00110,TXN-000269
2023-10-12 22:23:25.405405408,PROD-0001,Laptop Computer,3.0,131.02,CUST-00059,TXN-000047
2023-08-22 04:38:11.891891892,PROD-0040,Unknown Product,7.0,466.56,CUST-00121,TXN-000350
2023-11-11 10:42:52.972972972,PROD-0017,Unknown Product,7.0,174.25,CUST-00065,TXN-000196
2023-03-15 05:41:37.297297297,PROD-0005, ,7.0,211.77,CUST-00078,TXN-000103
2023-10-20 14:01:48.108108108,PROD-0004,,5.0,118.82,CUST-00179,TXN-000869
2023-07-01 10:52:58.378378378,PROD-0043,Unknown Product,3.0,190.22,CUST00143,TXN-000722
2023-05-15 02:03:57.837837838,PROD-0008,Smartphone,5.0,392.38,CUST-00183,TXN-000768
2023-08-10 04:03:36.216216216,PROD-0015,Unknown Product,,437.65,CUST-00151,TXN-000264
2023-06-09 05:27:12.432432432,PROD-0012,Unknown Product,5.0,326.45,CUST-00028,TXN-000444
2023-08-11 23:47:01.621621624,PROD-0040,Unknown Product,1.0,241.42,CUST-00125,TXN-000706
2023-06-09 14:11:53.513513514,PROD-0037,Unknown Product,5.0,222.95,CUST00107,TXN-000305
2023-10-26 09:56:45.405405408,PROD-0014,Unknown Product,7.0,117.34,CUST-00107,TXN-000342
2023-03-27 23:45:35.135135135,PROD-0044,Unknown Product,7.0,445.44,CUST-00059,TXN-000627
2023-02-08 14:56:34.594594594,PROD-0018,Unknown Product,7.0,394.97,CUST-00057,TXN-DUP-000009
2023-10-09 06:56:34.594594596,PROD-0027,Unknown Product,7.0,398.7,CUST-00177,TXN-000150
2023-06-10 00:00:00.000000000,PROD-0003,USB Keyboard,6.0,388.29,CUST-00014,TXN-000125
2023-02-09 08:25:56.756756757,PROD-0026,Unknown Product,3.0,405.41,CUST-00112,TXN-000818
2023-05-04 03:43:25.405405406,PROD-0030,Unknown Product,,131.2,CUST-00144,TXN-000856
2023-12-15 16:43:14.594594596,PROD-0034,Unknown Product,6.0,382.11,CUST-00121,TXN-000051
2023-06-21 23:31:10.270270270,PROD-0014,Unknown Product,2.0,65.78,CUST-00085,TXN-000354
2023-07-16 09:25:02.702702704,PROD-0005,Webcam HD,7.0,359.18,CUST-00009,TXN-000967
2023-07-01 10:52:58.378378378,PROD-0026,Unknown Product,1.0,320.95,CUST-00069,TXN-000143
2023-05-16 13:02:42.162162162,PROD-0023,Unknown Product,1.0,451.04,CUST-00129,TXN-000471
2023-07-05 11:04:30.270270270,PROD-0047,Unknown Product,7.0,364.75,CUST-00006,TXN-000400
2023-12-15 16:43:14.594594596,PROD-0029,Unknown Product,2.0,356.42,CUST-00129,TXN-000654
2023-02-22 02:29:54.594594594,PROD-0011,Unknown Product,2.0,304.32,CUST-00058,TXN-000321
2023-02-17 08:49:00.540540540,PROD-0035,Unknown Product,8.0,156.38,CUST-00112,TXN-000020
2023-03-05 00:50:27.027027027,PROD-0032,Unknown Product,10.0,314.95,CUST-00108,TXN-000843
2023-12-20 10:24:08.648648648,PROD-0009,Charging Cable,4.0,385.12,CUST-00190,TXN-000947
2023-07-08 17:46:40.000000000,PROD-0018,Unknown Product,2.0,45.81,CUST-00200,TXN-000842
2023-05-03 18:58:44.324324324,PROD-0029,Unknown Product,6.0,154.57,CUST-00170,TXN-000408
2023-09-07 05:24:19.459459460,PROD-0018,Unknown Product,10.0,383.28,CUST-00128,TXN-000538
2023-11-09 06:14:46.486486488,PROD-0024,Unknown Product,8.0,204.94,CUST-00119,TXN-000880
2023-07-24 01:03:25.405405406,PROD-0021,Unknown Product,6.0,76.32,CUST-00163,TXN-000039
2023-12-10 05:32:58.378378380,PROD-0045,Unknown Product,4.0,89.49,CUST-00111,TXN-000176
2023-09-29 02:05:24.324324324,PROD-0031,Unknown Product,3.0,488.63,CUST-00015,TXN-000246
2023-05-31 20:19:27.567567568,PROD-0003,USB Keyboard,4.0,387.85,CUST-00127,TXN-000938
2023-09-09 01:07:44.864864864,PROD-0029,Unknown Product,7.0,191.21,CUST-00199,TXN-000698
2023-03-06 03:04:30.270270270,PROD-0021,Unknown Product,8.0,189.18,CUST-00189,TXN-000786
2023-10-29 16:38:55.135135136,PROD-0007,"Tablet 10""",,286.4,CUST-00058,TXN-000894
2023-02-18 19:47:44.864864865,PROD-0047,,10.0,491.93,CUST-00098,TXN-000155
2023-07-25 20:46:50.810810812,PROD-0013,Unknown Product,1.0,295.58,CUST-00038,TXN-000288
2023-03-10 12:00:43.243243243,PROD-0024,Unknown Product,7.0,316.14,CUST-00130,TXN-000631
2023-10-12 22:23:25.405405408,PROD-0003,USB Keyboard,7.0,404.17,CUST-00060,TXN-000570
2023-10-18 09:33:41.621621624,PROD-0041,Unknown Product,9.0,247.2,CUST-00149,TXN-000775
2023-11-14 08:40:21.621621624,PROD-0034,Unknown Product,8.0,143.8,CUST-00049,TXN-000018
2023-06-29 06:24:51.891891892,PROD-0032,Unknown Product,6.0,237.33,CUST-00054,TXN-000128
2023-03-14 20:56:56.216216216,PROD-0034,Unknown Product,2.0,258.07,CUST-00123,TXN-000323
2023-10-26 01:12:04.324324324,PROD-0011,Unknown Product,6.0,379.44,CUST-00043,TXN-000256
2023-10-24 00:00:00.000000000,PROD-0043,Unknown Product,7.0,259.36,CUST-00188,TXN-000993
2023-01-02 10:58:44.324324324,PROD-0047,Unknown Product,6.0,17.01,CUST-00062,TXN-DUP-000007
2023-07-21 11:50:37.837837838,PROD-0025,Unknown Product,7.0,412.6,CUST-00100,TXN-000191
2023-09-21 19:11:42.702702704,PROD-0011,Unknown Product,8.0,380.81,CUST-00047,TXN-000116
2023-01-31 23:18:11.891891892,PROD-0045,Unknown Product,10.0,75.58,CUST-00062,TXN-000645
2023-09-27 15:06:40.000000000,PROD-0029,Unknown Product,8.0,356.47,CUST-00157,TXN-000607
2023-03-21 01:36:34.594594595,PROD-0047,Unknown Product,3.0,446.23,CUST-00150,TXN-000181
2023-06-01 05:04:08.648648650,PROD-0002,Wireless Mouse,2.0,263.55,CUST-00179,TXN-000302
2023-11-30 00:41:48.108108108,PROD-0007,"Tablet 10""",7.0,392.85,CUST-00120,TXN-000791
2023-05-17 15:16:45.405405406,PROD-0030,Unknown Product,2.0,389.26,CUST-00003,TXN-000744
2023-09-26 21:37:17.837837840,PROD-0047,Unknown Product,7.0,153.72,CUST-00019,TXN-000755
2023-05-25 06:55:08.108108108,PROD-0020,Unknown Product,4.0,325.97,CUST-00061,TXN-000716
2023-04-07 04:36:45.405405406,P0048,Unknown Product,3.0,82.01,CUST-00021,TXN-000793
2023-12-05 03:07:23.243243244,PROD-0028,Unknown Product,7.0,455.63,CUST-00169,TXN-000518
2023-06-14 16:37:28.648648650,PROD-0007,"Tablet 10""",9.0,10.77,CUST-00056,TXN-000373
2023-12-22 06:07:34.054054056,PROD-0004,"Monitor 27""",4.0,138.24,CUST-00132,TXN-000046
2023-12-13 20:59:49.189189192,PROD-0042,Unknown Product,4.0,72.65,C00096,TXN-000946
2023-10-11 20:09:22.162162164,PROD-0048,,10.0,100.27,CUST-00002,TXN-000158
2023-09-03 22:42:09.729729732,PROD-0018,Unknown Product,10.0,334.89,CUST-00065,TXN-000961
2023-07-18 22:37:50.270270270,PROD-0023,Unknown Product,2.0,320.99,CUST-00148,TXN-000172
2023-02-06 01:43:47.027027027,PROD-0033,Unknown Product,1.0,417.53,CUST-00063,TXN-000017
2023-02-26 02:41:26.486486487,PROD-0017,Unknown Product,7.0,203.62,CUST-00120,TXN-000512
2023-12-15 16:43:14.594594596,PROD-0040,Unknown Product,7.0,132.28,CUST-00083,TXN-000049
2023-08-27 15:48:28.108108108,PROD-0009,,2.0,142.99,CUST-00090,TXN-DUP-000014
2023-11-15 19:39:05.945945948,PROD-0046,Unknown Product,9.0,24.29,CUST-00117,TXN-000875
2023-10-13 15:52:47.567567568,PROD-0020,Unknown Product,5.0,121.6,CUST-00086,TXN-000516
2023-01-05 00:11:31.891891891,PROD-0019,Unknown Product,6.0,203.61,CUST-00195,TXN-000717
2023-03-07 14:03:14.594594595,PROD-0041,Unknown Product,9.0,200.85,CUST-00128,TXN-000481
2023-02-10 19:24:41.081081081,PROD-0038,Unknown Product,1.0,48.69,CUST-00094,TXN-000284
2023-05-24 04:41:04.864864866,PROD-0044,Unknown Product,1.0,387.38,CUST-00025,TXN-000750
2023-03-20 16:51:53.513513514,PROD-0014,Unknown Product,3.0,463.84,CUST-00088,TXN-000866
2023-08-14 12:59:49.189189188,PROD-0006,Headphones Wireless,4.0,159.6,CUST-00073,TXN-000226
2023-10-21 07:31:10.270270272,PROD-0005,Webcam HD,2.0,403.3,CUST-00195,TXN-000027
2023-02-24 15:42:42.162162162,PROD-0003,USB Keyboard,4.0,255.3,CUST-00142,TXN-000814
2023-09-30 21:48:49.729729732,PROD-0018,Unknown Product,4.0,220.96,CUST-00170,TXN-000438
2023-04-03 21:54:35.675675676,PROD-0041,Unknown Product,3.0,60.23,CUST-00172,TXN-000991
2023-08-15 23:58:33.513513516,PROD-0002,Wireless Mouse,,211.4,CUST-00035,TXN-000365
2023-12-15 16:43:14.594594596,PROD-0006,Headphones Wireless,4.0,330.05,CUST-00032,TXN-000230
2023-11-08 21:30:05.405405408,PROD-0017,Unknown Product,10.0,309.01,CUST-00116,TXN-000038
2023-07-09 20:00:43.243243244,PROD-0025,Unknown Product,3.0,194.89,CUST-00070,TXN-000670
2023-02-16 15:19:38.378378378,PROD-0006,Headphones Wireless,10.0,109.85,CUST-00157,TXN-DUP-000008
2023-02-27 22:24:51.891891892,PROD-0042,Unknown Product,9.0,35.06,CUST-00153,TXN-000375
2023-01-17 09:30:48.648648648,PROD-0036,Unknown Product,6.0,151.73,CUST-00141,TXN-000470
2023-07-25 20:46:50.810810812,PROD-0013,Unknown Product,1.0,295.58,CUST-00038,TXN-DUP-000010
2023-08-26 13:34:24.864864864,PROD-0006,Headphones Wireless,6.0,202.3,CUST-00094,TXN-000886
2023-08-13 10:45:45.945945948,PROD-0042,Unknown Product,10.0,208.1,CUST-00159,TXN-000735
2023-02-05 16:59:05.945945946,PROD-0016,Unknown Product,10.0,263.8,CUST-00194,TXN-000757
2023-07-29 03:29:00.540540540,PROD-0039,Unknown Product,5.0,415.84,CUST-00196,TXN-000195
2023-01-21 18:27:01.621621621,PROD-0011,,4.0,292.79,CUST-00098,TXN-000890
2023-12-21 03:53:30.810810812,PROD-0046,Unknown Product,6.0,59.88,CUST-00160,TXN-000900
2023-10-16 05:05:35.135135136,PROD-0043,,1.0,249.56,CUST-00160,TXN-000504
2023-07-30 05:43:03.783783784,PROD-0008,Smartphone,5.0,95.69,CUST-00007,TXN-DUP-000012
2023-04-29 18:47:12.432432432,PROD-0045,Unknown Product,5.0,184.94,CUST-00181,TXN-000865
2023-02-07 03:57:50.270270270,PROD-0008,Smartphone,10.0,371.56,CUST-00049,TXN-000580
2023-11-02 08:05:45.945945948,PROD-0036,Unknown Product,1.0,71.87,CUST-00028,TXN-DUP-000011
2023-08-10 04:03:36.216216216,PROD-0040,Unknown Product,4.0,336.53,CUST-00070,TXN-000681
2023-05-28 22:21:58.918918920,PROD-0008,Smartphone,6.0,311.5,CUST-00022,TXN-000163
2023-06-01 22:33:30.810810812,PROD-0043,Unknown Product,6.0,212.68,CUST-00086,TXN-000733
2023-01-15 13:47:23.243243243,PROD-0047,Unknown Product,7.0,454.01,CUST-00131,TXN-000153
2023-11-03 10:19:49.189189188,PROD-0005,Webcam HD,5.0,76.93,CUST-00043,TXN-000712
2023-12-20 01:39:27.567567568,PROD-0001,Laptop Computer,5.0,19.47,CUST-00048,TXN-000731
2023-08-11 15:02:20.540540540,PROD-0022,Unknown Product,6.0,120.44,CUST-00146,TXN-000787
2023-09-22 12:41:04.864864864,PROD-0047,Unknown Product,5.0,108.67,CUST-00019,TXN-000112
2023-07-22 05:20:00.000000000,PROD-0026,Unknown Product,10.0,114.2,CUST-00046,TXN-000227
2023-04-20 16:10:05.405405406,PROD-0043,Unknown Product,2.0,107.62,CUST-00091,TXN-000719
2023-12-15 16:43:14.594594596,PROD-0034,Unknown Product,1.0,328.98,CUST-00069,TXN-000104
2023-11-30 09:26:29.189189192,PROD-0020,Unknown Product,10.0,160.09,CUST-00112,TXN-000422
2023-04-11 13:32:58.378378379,PROD-0027,Unknown Product,6.0,339.75,CUST-00046,TXN-000420
2023-05-05 05:57:28.648648648,PROD-0007,"Tablet 10""",8.0,495.75,CUST-00153,TXN-000782
2023-01-17 18:15:29.729729729,PROD-0046,Unknown Product,7.0,385.4,CUST-00153,TXN-000587
2023-06-25 23:42:42.162162162,PROD-0045,Unknown Product,10.0,269.53,CUST-00093,TXN-000812
2023-02-06 01:43:47.027027027,PROD-0023,Unknown Product,9.0,346.64,CUST-00084,TXN-000673
2023-11-16 21:53:09.189189192,PROD-0040, ,2.0,441.0,CUST-00141,TXN-000120
2023-07-26 05:31:31.891891892,PROD-0008,Smartphone,7.0,42.03,CUST-00083,TXN-000054
2023-03-25 19:17:28.648648649,PROD-0026,Unknown Product,6.0,430.02,CUST-00071,TXN-000152
2023-11-10 08:28:49.729729732,PROD-0015,Unknown Product,1.0,271.64,CUST-00150,TXN-000404
2023-07-22 22:49:22.162162162,PROD-0019,Unknown Product,6.0,30.79,CUST-00040,TXN-000985
2023-03-03 22:36:23.783783784,PROD-0003,USB Keyboard,3.0,182.66,CUST-00022,TXN-000208
2023-06-22 08:15:51.351351352,PROD-0011,Unknown Product,10.0,373.04,CUST-00110,TXN-000659
2023-10-06 00:14:24.864864864,PROD-0032,Unknown Product,9.0,101.21,CUST-00164,TXN-000925
2023-06-15 10:06:50.810810812,PROD-0008,Smartphone,5.0,407.45,CUST-00172,TXN-000794
2023-08-12 17:16:23.783783784,PROD-0011,Unknown Product,7.0,198.08,CUST-00073,TXN-000009
2023-06-17 14:34:57.297297298,PROD-0013,Unknown Product,2.0,357.57,CUST-00167,TXN-000980
2023-09-30 04:19:27.567567568,PROD-0019,Unknown Product,1.0,87.87,CUST-00043,TXN-000037
2023-11-16 21:53:09.189189192,PROD-0049,Unknown Product,4.0,116.77,CUST-00156,TXN-000453
2023-02-03 21:15:40.540540540,PROD-0004,"Monitor 27""",3.0,32.96,CUST-00195,TXN-000652
2023-09-04 07:26:50.810810812,PROD-0020,Unknown Product,5.0,153.19,CUST-00092,TXN-000254
2023-11-01 05:51:42.702702704,PROD-0001,Laptop Computer,9.0,165.3,CUST-00134,TXN-000304
2023-01-23 05:25:45.945945946,PROD-0047,Unknown Product,1.0,38.34,CUST-00132,TXN-000778
2023-06-11 00:00:00.000000000,PROD-0023,Unknown Product,6.0,113.25,CUST-00075,TXN-000572
2023-07-23 16:18:44.324324324,PROD-0030,Unknown Product,1.0,185.33,CUST-00016,TXN-000624
2023-06-29 06:24:51.891891892,PROD-0037,Unknown Product,1.0,264.33,CUST-00183,TXN-000741
2023-11-13 06:26:18.378378380,PROD-0049,Unknown Product,3.0,405.51,CUST-00068,TXN-000751
2023-09-02 11:43:25.405405408,PROD-0002,Wireless Mouse,2.0,147.95,CUST-00113,TXN-000263
2023-10-15 20:20:54.054054056,PROD-0047,Unknown Product,6.0,154.69,CUST-00131,TXN-000611
2023-09-06 20:39:38.378378380,PROD-0044,Unknown Product,8.0,337.91,CUST-00065,TXN-000298
2023-12-29 13:01:15.675675676,PROD-0031,Unknown Product,3.0,367.3,CUST-00029,TXN-000415
2023-06-28 04:10:48.648648650,PROD-0009,Charging Cable,2.0,165.21,CUST-00177,TXN-000151
2023-01-15 22:32:04.324324324,PROD-0044,Unknown Product,5.0,277.82,CUST-00119,TXN-000820
2023-02-25 17:56:45.405405406,PROD-0014,Unknown Product,6.0,389.92,CUST-00115,TXN-000641
2023-03-25 01:48:06.486486487,PROD-0035,Unknown Product,4.0,172.47,CUST-00125,TXN-000926
2023-10-31 12:22:20.540540540,PROD-0008,Smartphone,6.0,63.54,CUST-00173,TXN-000551
2023-05-25 15:39:49.189189190,PROD-0049,Unknown Product,8.0,91.22,CUST-00012,TXN-000823
2023-12-24 01:50:59.459459460,PROD-0018,Unknown Product,1.0,418.49,CUST-00049,TXN-000489
2023-03-02 20:22:20.540540541,PROD-0022,Unknown Product,1.0,154.7,CUST-00140,TXN-000711
2023-04-15 00:00:00.000000000,PROD-0026,Unknown Product,10.0,87.4,CUST-00082,TXN-000148
2023-06-02 07:18:11.891891892,PROD-0014,Unknown Product,4.0,271.18,CUST-00197,TXN-000147
2023-06-16 03:36:12.972972974,PROD-0017,Unknown Product,1.0,68.9,CUST-00061,TXN-000752
2023-09-27 06:21:58.918918920,PROD-0040,Unknown Product,8.0,451.95,CUST-00176,TXN-000971
2023-04-12 07:02:20.540540541,PROD-0025,Unknown Product,9.0,158.43,CUST-00191,TXN-000771
2023-06-07 00:59:05.945945946,PROD-0006,Headphones Wireless,9.0,164.97,CUST-00013,TXN-000660
2023-11-14 08:40:21.621621624,PROD-0018,Unknown Product,7.0,153.81,CUST-00166,TXN-000349
2023-07-06 04:33:52.432432432,PROD-0001,Laptop Computer,8.0,25.17,CUST-00168,TXN-000464
2023-04-29 10:02:31.351351352,PROD-0035,Unknown Product,9.0,134.65,CUST-00164,TXN-000326
2023-05-23 19:56:23.783783784,PROD-0018,Unknown Product,9.0,274.99,CUST-00096,TXN-000187
2023-03-20 16:51:53.513513514,P0032,Unknown Product,1.0,492.64,CUST-00079,TXN-000124
2023-08-21 02:24:08.648648648,PROD-0024,Unknown Product,5.0,475.96,CUST-00011,TXN-000889
2023-02-12 06:23:25.405405405,PROD-0002,Wireless Mouse,1.0,45.72,CUST-00145,TXN-000609
2023-08-04 16:53:20.000000000,PROD-0046,Unknown Product,1.0,400.98,CUST-00156,TXN-000144
2023-01-21 18:27:01.621621621,PROD-0002,Wireless Mouse,7.0,208.5,CUST-00062,TXN-DUP-000001
2023-03-29 10:44:19.459459460,PROD-0022,Unknown Product,2.0,358.89,CUST-00154,TXN-000198
2023-10-30 01:23:36.216216216,PROD-0001,Laptop Computer,5.0,207.41,CUST-00144,TXN-000610
2023-08-16 08:43:14.594594596,prod-0047,Unknown Product,6.0,337.22,CUST-00161,TXN-000280
2023-05-27 11:23:14.594594594,PROD-0010,Power Bank 10000mAh,5.0,303.5,CUST-00077,TXN-000294
2023-06-21 23:31:10.270270270,PROD-0036,Unknown Product,398.0,69.07,CUST-00109,TXN-000401
2023-12-02 13:54:35.675675676,PROD-0003,USB Keyboard,9.0,231.11,CUST-00135,TXN-000123
2023-05-25 15:39:49.189189190,PROD-0043,Unknown Product,2.0,101.83,CUST-00027,TXN-000184
2023-06-26 08:27:23.243243244,PROD-0013,Unknown Product,5.0,180.49,CUST-00150,TXN-000203
2023-09-01 18:14:03.243243244,PROD-0025,Unknown Product,5.0,79.87,CUST-00122,TXN-000439
2023-04-05 00:08:38.918918919,PROD-0040,Unknown Product,10.0,64.25,CUST-00132,TXN-000247
2023-02-28 07:09:32.972972973,PROD-0036,Unknown Product,5.0,329.62,CUST-00165,TXN-000416
2023-01-09 17:52:25.945945946,PROD-0031,Unknown Product,5.0,319.15,CUST-00143,TXN-000808
2023-09-25 10:38:33.513513516,PROD-0029,Unknown Product,5.0,,CUST-00169,TXN-000797
2023-05-07 10:25:35.135135136,PROD-0026,Unknown Product,5.0,119.9,CUST-00145,TXN-000960
2023-11-06 17:01:58.918918920,PROD-0030,Unknown Product,9.0,459.57,CUST-00182,TXN-000800
2023-03-15 14:26:18.378378379,PROD-0003,USB Keyboard,9.0,299.65,CUST-00049,TXN-000924
2023-02-26 20:10:48.648648649,PROD-0019,Unknown Product,8.0,273.96,CUST-00029,TXN-000130
2023-03-31 15:12:25.945945946,PROD-0017,Unknown Product,10.0,280.73,CUST-00002,TXN-000638
2023-02-25 09:12:04.324324324,PROD-0024,Unknown Product,9.0,42.56,CUST-00039,TXN-000403
2023-02-21 17:45:13.513513513,PROD-0041,Unknown Product,9.0,349.87,CUST-00088,TXN-000937
2023-05-14 08:34:35.675675676,PROD-0035,Unknown Product,1.0,240.29,CUST-00083,TXN-000802
2023-11-25 15:45:35.135135136,PROD-0025,Unknown Product,7.0,270.16,CUST-00152,TXN-000736
2023-09-25 19:23:14.594594596,PROD-0025,Unknown Product,8.0,0.09237609463413465,CUST-00010,TXN-000950
2023-07-22 14:04:41.081081082,PROD-0049,Unknown Product,4.0,121.32,CUST-00137,TXN-000220
2023-08-27 15:48:28.108108108,PROD-0009,,2.0,142.99,CUST-00090,TXN-000642
2023-12-19 08:10:05.405405408,PROD-0011,Unknown Product,3.0,486.81,CUST-00128,TXN-000952
2023-09-12 07:49:54.594594596,PROD-0023,Unknown Product,7.0,481.76,CUST-00032,TXN-000784
2023-03-21 19:05:56.756756757,PROD-0046,Unknown Product,2.0,460.03,CUST-00147,TXN-000888
2023-05-16 13:02:42.162162162,PROD-0008,Smartphone,6.0,10.72,CUST-00060,TXN-000957
2023-08-07 14:50:48.648648648,PROD-0009,Charging Cable,3.0,327.43,CUST-00008,TXN-000625
2023-10-14 09:22:09.729729732,PROD-0048,Unknown Product,7.0,56.75,C00008,TXN-000873
2023-03-19 05:53:09.189189189,PROD-0024,Unknown Product,2.0,110.29,CUST-00028,TXN-000923
2023-09-02 20:28:06.486486488,PROD-0037,Unknown Product,2.0,44.79,CUST-00096,TXN-000387
2023-11-25 15:45:35.135135136,PROD-0016,Unknown Product,,193.91,CUST-00057,TXN-DUP-000015
2023-12-17 03:41:58.918918920,PROD-0049,Unknown Product,2.0,314.12,CUST-00156,TXN-000510
2023-02-10 19:24:41.081081081,PROD-0045,Unknown Product,9.0,57.3,CUST-00063,TXN-000268
2023-01-11 04:51:10.270270270,PROD-0044,Unknown Product,8.0,89.22,CUST-00084,TXN-000853
2023-05-13 15:05:13.513513514,PROD-0040,Unknown Product,2.0,85.69,CUST-00164,TXN-000442
2023-10-16 13:50:16.216216216,PROD-0025,Unknown Product,7.0,483.54,CUST-00062,TXN-000497
2023-04-02 10:55:51.351351352,PROD-0023,Unknown Product,5.0,136.72,CUST-00197,TXN-000113
2023-11-23 02:32:47.567567568,PROD-0046,Unknown Product,10.0,478.83,CUST-00176,TXN-000692
2023-07-04 00:05:45.945945946,P0022,Unknown Product,4.0,385.37,CUST-00166,TXN-000233
2023-07-04 17:35:08.108108108,PROD-0041,Unknown Product,5.0,95.86,CUST-00037,TXN-000905
2023-06-22 08:15:51.351351352,PROD-0018,Unknown Product,7.0,34.61,CUST-00186,TXN-000608
2023-11-01 14:36:23.783783784,PROD-0012,Unknown Product,6.0,53.75,CUST-00101,TXN-000672
2023-01-14 02:48:38.918918919,PROD-0008,Smartphone,1.0,321.84,CUST-00023,TXN-000374
2023-01-09 00:23:03.783783783,PROD-0017,Unknown Product,4.0,222.57,CUST-00023,TXN-DUP-000024
2023-02-02 19:01:37.297297297,PROD-0015, ,5.0,68.07,CUST-00124,TXN-000878
2023-05-07 10:25:35.135135136,PROD-0021,Unknown Product,6.0,396.34,CUST-00145,TXN-000234
2023-01-14 20:18:01.081081081,PROD-0040,Unknown Product,3.0,144.6,CUST-00178,TXN-000817
2023-11-26 17:59:38.378378380,PROD-0027,Unknown Product,5.0,354.89,CUST-00001,TXN-000677
2023-11-27 02:44:19.459459460,PROD-0044,Unknown Product,10.0,248.96,CUST-00085,TXN-000318
2023-03-21 19:05:56.756756757,PROD-0022,Unknown Product,4.0,165.62,CUST-00038,TXN-000649
2023-03-01 00:00:00.000000000,PROD-0012,Unknown Product,8.0,31.43,CUST-00195,TXN-000411
2023-04-21 18:24:08.648648648,PROD-0034,Unknown Product,2.0,419.55,CUST-00166,TXN-000935
2023-06-01 13:48:49.729729730,PROD-0024,Unknown Product,8.0,307.8,CUST-00020,TXN-000710
2023-04-19 05:11:21.081081082,PROD-0015,Unknown Product,1.0,354.11,CUST-00199,TXN-000359
2023-08-30 13:45:56.756756756,prod-0006,Headphones Wireless,8.0,481.78,CUST-00170,TXN-000259
2023-06-02 16:02:52.972972974,PROD-0038,Unknown Product,5.0,388.73,CUST-00197,TXN-000745
2023-11-19 02:21:15.675675676,PROD-0035,Unknown Product,10.0,256.51,CUST-00057,TXN-000628
2023-09-14 03:33:20.000000000,PROD-0010,Power Bank 10000mAh,3.0,344.48,CUST-00138,TXN-000633
2023-09-12 07:49:54.594594596,PROD-0014,Unknown Product,9.0,100.81,CUST-00082,TXN-000283
2023-03-26 12:46:50.810810811,PROD-0047,Unknown Product,9.0,39.17,CUST-00061,TXN-000377
2023-01-20 07:28:17.297297297,PROD-0038,Unknown Product,3.0,215.28,CUST-00032,TXN-000385
2023-01-10 20:06:29.189189189,PROD-0037,Unknown Product,9.0,261.2,CUST-00164,TXN-000225
2023-06-13 14:23:25.405405406,PROD-0025,Unknown Product,7.0,467.13,CUST-00048,TXN-000995
2023-12-11 07:47:01.621621624,PROD-0029,Unknown Product,6.0,472.41,CUST-00008,TXN-000848
2023-02-05 16:59:05.945945946,PROD-0040,Unknown Product,10.0,478.4,CUST-00093,TXN-000473
2023-05-03 18:58:44.324324324,PROD-0025,Unknown Product,1.0,261.21,CUST-00003,TXN-000348
2023-04-15 13:44:30.270270270,PROD-0026,Unknown Product,2.0,496.99,CUST-00124,TXN-000506
2023-01-28 07:51:21.081081081,PROD-0017,,10.0,80.01,CUST-00140,TXN-000640
2023-05-23 11:11:42.702702704,PROD-0034,Unknown Product,9.0,204.03,CUST-00062,TXN-DUP-000027
2023-05-20 13:14:14.054054054,PROD-0018,Unknown Product,8.0,137.35,CUST-00059,TXN-000798
2023-09-24 08:24:30.270270272,PROD-0013,Unknown Product,7.0,410.22,CUST-00022,TXN-000968
2023-11-19 11:05:56.756756756,PROD-0003,USB Keyboard,8.0,274.16,CUST00031,TXN-000942
2023-10-19 20:32:25.945945948,PROD-0020,Unknown Product,5.0,120.75,CUST-00189,TXN-000620
2023-08-29 02:47:12.432432432,PROD-0013,Unknown Product,2.0,184.99,CUST-00178,TXN-000891
2023-01-27 14:21:58.918918919,PROD-0035,Unknown Product,4.0,358.74,CUST-00177,TXN-000836
2023-09-11 14:20:32.432432432,PROD-0025,Unknown Product,6.0,318.48,CUST-00113,TXN-000646
2023-01-14 20:18:01.081081081,PROD-0012,Unknown Product,7.0,496.69,CUST-00177,TXN-000882
2023-08-30 22:30:37.837837840,PROD-0010,Power Bank 10000mAh,5.0,442.9,CUST-00020,TXN-000557
2023-04-02 02:11:10.270270271,PROD-0007,"Tablet 10""",9.0,461.29,CUST-00196,TXN-001000
2023-08-14 12:59:49.189189188,PROD-0028,Unknown Product,8.0,154.36,CUST-00130,TXN-000578
2023-09-19 05:58:55.135135136,PROD-0023,Unknown Product,7.0,200.2,CUST-00087,TXN-000796
2023-01-30 03:34:46.486486486,PROD-0034,Unknown Product,8.0,426.8,CUST-00179,TXN-000086
2023-08-19 06:40:43.243243244,PROD-0024,Unknown Product,8.0,433.64,CUST-00153,TXN-000243
2023-09-03 13:57:28.648648648,PROD-0021,Unknown Product,3.0,35.65,CUST-00104,TXN-000699
2023-12-06 22:50:48.648648648,PROD-0005,Webcam HD,1.0,223.94,CUST-00056,TXN-000910
2023-01-12 00:00:00.000000000,PROD-0026,Unknown Product,1.0,330.6,CUST-00024,TXN-000160
2023-09-06 03:10:16.216216216,PROD-0030,Unknown Product,7.0,399.16,CUST-00147,TXN-000525
2023-04-02 19:40:32.432432433,PROD-0010,Power Bank 10000mAh,6.0,385.1,CUST-00083,TXN-000036
2023-10-10 09:10:37.837837840,PROD-0047,Unknown Product,7.0,251.24,CUST-00136,TXN-000541
2023-12-26 06:19:05.945945948,PROD-0028,Unknown Product,8.0,337.28,CUST-00182,TXN-000171
2023-06-14 16:37:28.648648650,PROD-0045,Unknown Product,3.0,40.72,CUST-00173,TXN-000655
2023-09-03 22:42:09.729729732,PROD-0038,Unknown Product,4.0,428.96,CUST-00013,TXN-000927
2023-06-15 18:51:31.891891892,PROD-0025,Unknown Product,7.0,132.99,CUST-00108,TXN-000893
2023-02-15 13:05:35.135135135,PROD-0037,Unknown Product,6.0,32.01,CUST-00017,TXN-000883
2023-11-27 20:13:41.621621624,PROD-0024,Unknown Product,,476.59,CUST-00137,TXN-000984
2023-02-11 12:54:03.243243243,PROD-0040,Unknown Product,5.0,251.5,CUST-00166,TXN-000734
2023-10-27 03:26:07.567567568,PROD-0004,"Monitor 27""",3.0,234.57,CUST-00140,TXN-000096
2023-07-27 07:45:35.135135136,PROD-0032,Unknown Product,6.0,346.98,CUST-00064,TXN-000564
2023-04-13 18:01:04.864864865,PROD-0030,Unknown Product,3.0,229.06,CUST-00085,TXN-000241
2023-05-31 02:50:05.405405406,PROD-0044,Unknown Product,10.0,162.81,CUST-00099,TXN-000743
2023-04-06 19:52:04.324324325,PROD-0037,Unknown Product,2.0,498.93,CUST-00096,TXN-000575
2023-12-26 15:03:47.027027028,PROD-0028,Unknown Product,2.0,186.42,CUST-00178,TXN-000691
2023-07-18 22:37:50.270270270,PROD-0022,Unknown Product,1.0,482.37,CUST-00019,TXN-000461
2023-12-16 01:27:55.675675676,PROD-0003,USB Keyboard,4.0,425.01,CUST-00077,TXN-000554
2023-06-30 08:38:55.135135136,PROD-0039,Unknown Product,8.0,336.63,CUST-00062,TXN-000858
2023-07-22 05:20:00.000000000,PROD-0009,Charging Cable,4.0,148.42,CUST-00110,TXN-000914
2023-08-27 07:03:47.027027028,PROD-0010,Power Bank 10000mAh,10.0,314.25,CUST-00123,TXN-000207
2023-06-02 16:02:52.972972974,PROD-0010,Power Bank 10000mAh,8.0,187.34,CUST-00058,TXN-000393
2023-10-17 16:04:19.459459460,PROD-0050,Unknown Product,1.0,321.62,CUST-00133,TXN-000795
2023-03-24 08:18:44.324324325,PROD-0013,Unknown Product,1.0,310.16,CUST-00061,TXN-000398
2023-10-11 20:09:22.162162164,PROD-0006,Headphones Wireless,10.0,393.77,CUST-00110,TXN-000767
2023-06-13 23:08:06.486486486,PROD-0037,Unknown Product,214.0,382.89,CUST-00064,TXN-000884
2023-07-30 05:43:03.783783784,PROD-0008,Smartphone,5.0,95.69,CUST-00007,TXN-000218
2023-02-08 14:56:34.594594594,prod-0018,Unknown Product,7.0,394.97,CUST-00057,TXN-000005
2023-09-10 20:51:10.270270272,PROD-0025,Unknown Product,,234.42,CUST-00028,TXN-000769
2023-06-08 03:13:09.189189190,PROD-0040,Unknown Product,3.0,253.38,CUST-00023,TXN-000643
2023-03-26 12:46:50.810810811,PROD-0037,Unknown Product,9.0,407.33,CUST-00192,TXN-000934
2023-05-23 19:56:23.783783784,PROD-0020,Unknown Product,2.0,147.69,CUST-00064,TXN-000613
2023-07-02 00:00:00.000000000,PROD-0003,USB Keyboard,7.0,237.41,CUST-00100,TXN-000739
2023-06-21 06:01:48.108108108,PROD-0030,Unknown Product,3.0,384.62,CUST-00079,TXN-000547
2023-11-05 23:32:36.756756756,PROD-0002,Wireless Mouse,5.0,141.12,CUST-00035,TXN-000726
2023-12-20 19:08:49.729729732,PROD-0024,Unknown Product,5.0,159.06,CUST-00099,TXN-000954
2023-07-07 15:32:36.756756758,PROD-0045,Unknown Product,6.0,475.88,CUST-00096,TXN-000684
2023-05-27 02:38:33.513513514,PROD-0010,Power Bank 10000mAh,10.0,473.39,CUST-00097,TXN-000099
2023-01-25 18:38:33.513513513,PROD-0039,Unknown Product,3.0,40.48,CUST-00071,TXN-000805
2023-10-10 09:10:37.837837840,PROD-0009,Charging Cable,5.0,17.2,CUST-00149,TXN-000728
2023-12-28 10:47:12.432432432,PROD-0047,,3.0,14.34,CUST-00107,TXN-000574
2023-11-16 00:00:00.000000000,PROD-0005,Webcam HD,3.0,216.8,CUST-00005,TXN-000407
2023-09-07 14:09:00.540540540,PROD-0029,Unknown Product,10.0,316.85,CUST-00117,TXN-000503
2023-03-10 20:45:24.324324325,PROD-0049,Unknown Product,4.0,454.06,CUST-00157,TXN-000048
2023-06-17 05:50:16.216216216,PROD-0037,Unknown Product,2.0,253.27,CUST-00196,TXN-000033
2023-11-17 06:37:50.270270272,PROD-0010,Power Bank 10000mAh,2.0,471.93,CUST-00170,TXN-000780
2023-04-02 19:40:32.432432433,PROD-0013,Unknown Product,10.0,224.13,CUST-00026,TXN-000840
2023-11-24 13:31:31.891891892,PROD-0025,Unknown Product,3.0,127.54,CUST-00079,TXN-000201
2023-11-02 08:05:45.945945948,PROD-0042,Unknown Product,6.0,196.41,CUST-00057,TXN-000135
2023-05-21 06:43:36.216216216,PROD-0031,Unknown Product,5.0,234.51,CUST-00015,TXN-000028
2023-09-02 11:43:25.405405408,PROD-0020,Unknown Product,3.0,448.11,CUST-00136,TXN-000916
2023-05-01 05:45:56.756756758,PROD-0037,Unknown Product,2.0,469.77,CUST-00006,TXN-000231
2023-12-04 18:22:42.162162164,PROD-0027,Unknown Product,10.0,225.82,CUST-00195,TXN-000490
2023-11-12 12:56:56.216216216,PROD-0015,Unknown Product,8.0,121.84,CUST-00133,TXN-000773
2023-08-28 18:02:31.351351352,PROD-0033,Unknown Product,9.0,346.43,CUST-00122,TXN-000379
2023-11-08 04:00:43.243243244,PROD-0043,Unknown Product,9.0,497.76,CUST-00127,TXN-000289
2023-05-25 15:39:49.189189190,PROD-0043,,2.0,220.67,CUST00160,TXN-000419
2023-03-07 05:18:33.513513514,PROD-0022,Unknown Product,2.0,199.95,CUST-00028,TXN-000675
2023-12-19 08:10:05.405405408,PROD-0002,Wireless Mouse,1.0,342.55,CUST-00106,TXN-000392
2023-04-08 15:35:29.729729730,PROD-0014,Unknown Product,3.0,209.7,CUST-00173,TXN-000593
2023-07-25 20:46:50.810810812,PROD-0006,Headphones Wireless,9.0,180.17,CUST-00171,TXN-000499
2023-08-24 17:50:59.459459460,PROD-0001,Laptop Computer,8.0,266.43,CUST-00017,TXN-000139
2023-11-03 01:35:08.108108108,PROD-0005,Webcam HD,7.0,450.92,CUST-00147,TXN-000063
2023-07-08 09:01:58.918918920,PROD-0001,Laptop Computer,8.0,66.91,CUST-00162,TXN-000472
2023-12-21 12:38:11.891891892,PROD-0009,Charging Cable,7.0,376.84,CUST-00062,TXN-000648
2023-01-15 13:47:23.243243243,PROD-0050,Unknown Product,3.0,455.52,CUST-00148,TXN-000129
2023-04-02 19:40:32.432432433,PROD-0007,"Tablet 10""",8.0,383.33,CUST-00026,TXN-DUP-000019
2023-03-31 06:27:44.864864865,PROD-0007,"Tablet 10""",9.0,436.28,CUST-00118,TXN-000521
2023-11-29 07:12:25.945945948,PROD-0030,Unknown Product,9.0,137.18,CUST-00182,TXN-000839
2023-01-24 07:39:49.189189189,PROD-0018,Unknown Product,9.0,331.82,CUST-00063,TXN-DUP-000005
2023-04-10 11:18:55.135135135,PROD-0030,Unknown Product,2.0,335.26,CUST-00123,TXN-000065
2023-07-25 12:02:09.729729730,PROD-0034,Unknown Product,4.0,128.53,CUST-00174,TXN-000813
2023-02-01 16:47:34.054054054,PROD-0049,Unknown Product,1.0,22.84,CUST-00003,TXN-000015
2023-11-02 16:50:27.027027028,PROD-0043,Unknown Product,2.0,108.99,CUST-00035,TXN-000157
2023-01-22 03:11:42.702702702,PROD-0009,Charging Cable,6.0,331.91,CUST-00058,TXN-000041
2023-04-03 21:54:35.675675676,prod-0017,Unknown Product,2.0,105.37,CUST-00049,TXN-000493
2023-10-24 22:58:01.081081080,PROD-0030,Unknown Product,4.0,66.1,CUST-00052,TXN-000380
2023-03-17 01:25:02.702702703,PROD-0038,Unknown Product,3.0,358.02,CUST-00048,TXN-000188
2023-03-10 20:45:24.324324325,PROD-0023,Unknown Product,9.0,425.06,CUST-00087,TXN-000764
2023-10-17 16:04:19.459459460,PROD-0047,Unknown Product,4.0,44.12,CUST-00068,TXN-000217
2023-11-19 11:05:56.756756756,PROD-0017,Unknown Product,7.0,253.79,CUST-00039,TXN-000922
2023-01-28 07:51:21.081081081,PROD-0009,Charging Cable,8.0,293.37,CUST-00075,TXN-000792
2023-11-15 19:39:05.945945948,PROD-0031,Unknown Product,10.0,390.59,CUST-00168,TXN-000053
2023-09-17 19:00:10.810810812,PROD-0049,Unknown Product,8.0,151.55,CUST-00053,TXN-000879
2023-02-23 04:43:57.837837838,PROD-0021,Unknown Product,8.0,111.43,CUST-00185,TXN-000338
2023-09-03 22:42:09.729729732,PROD-0037,Unknown Product,4.0,18.3,CUST-00083,TXN-000749
2023-11-23 20:02:09.729729732,PROD-0017,Unknown Product,5.0,446.21,CUST-00163,TXN-000720
2023-09-22 12:41:04.864864864,PROD-0026,Unknown Product,7.0,262.77,CUST-00113,TXN-000725
2023-02-17 00:04:19.459459459,PROD-0023,Unknown Product,1.0,55.99,CUST-00131,TXN-000296
2023-12-05 03:07:23.243243244,PROD-0011,Unknown Product,5.0,412.87,CUST-00002,TXN-000702
2023-08-25 00:00:00.000000000,PROD-0006,Headphones Wireless,2.0,147.22,CUST-00154,TXN-000252
2023-02-02 10:16:56.216216216,PROD-0009,Charging Cable,6.0,419.39,CUST-00187,TXN-000727
2023-03-11 14:14:46.486486487,PROD-0011,Unknown Product,10.0,198.26,CUST-00195,TXN-000462
2023-06-14 16:37:28.648648650,PROD-0009,Charging Cable,7.0,347.25,CUST-00107,TXN-000456
2023-06-10 16:25:56.756756758,PROD-0006,Headphones Wireless,5.0,239.7,CUST-00043,TXN-000271
2023-07-26 23:00:54.054054054,PROD-0043,Unknown Product,7.0,47.36,CUST-00148,TXN-000816
2023-08-28 00:33:09.189189188,PROD-0049,Unknown Product,4.0,15.93,CUST-00176,TXN-000863
2023-06-30 17:23:36.216216216,PROD-0005,Webcam HD,3.0,16.08,CUST-00069,TXN-000270
2023-09-25 01:53:52.432432432,PROD-0017,Unknown Product,6.0,79.57,CUST-00059,TXN-000202
2023-07-02 21:51:42.702702704,PROD-0001,Laptop Computer,3.0,225.76,CUST00166,TXN-000162
2023-01-19 05:14:14.054054054,PROD-0010,Power Bank 10000mAh,2.0,40.6,CUST-00079,TXN-000556
2023-12-02 13:54:35.675675676,PROD-0017,Unknown Product,2.0,175.3,CUST-00158,TXN-000730
2023-02-05 16:59:05.945945946,PROD-0045,Unknown Product,3.0,452.2,CUST-00035,TXN-000402
2023-12-15 07:58:33.513513516,PROD-0036,Unknown Product,9.0,426.67,CUST-00008,TXN-000703
2023-04-12 15:47:01.621621622,PROD-0009,Charging Cable,5.0,415.09,CUST-00064,TXN-000477
2023-12-07 07:35:29.729729732,PROD-0015,Unknown Product,6.0,31.51,CUST-00043,TXN-000822
2023-03-20 16:51:53.513513514,PROD-0012,Unknown Product,1.0,42.19,CUST-00059,TXN-000772
2023-04-09 00:20:10.810810811,PROD-0002,Wireless Mouse,4.0,40.51,CUST-00120,TXN-000106
2023-04-21 18:24:08.648648648,PROD-0007,"Tablet 10""",3.0,349.34,CUST-00059,TXN-000566
2023-08-02 12:25:13.513513516,PROD-0004,"Monitor 27""",7.0,471.45,CUST-00110,TXN-000390
2023-06-08 11:57:50.270270270,prod-0005,Webcam HD,10.0,324.86,CUST-00122,TXN-000002
2023-03-14 20:56:56.216216216,PROD-0034,Unknown Product,8.0,333.9,CUST-00106,TXN-000977
2023-12-02 13:54:35.675675676,PROD-0017,Unknown Product,2.0,175.3,CUST-00158,TXN-DUP-000025
2023-02-24 06:58:01.081081081,PROD-0023,Unknown Product,2.0,19.37,CUST-00003,TXN-000562
2023-05-27 02:38:33.513513514,PROD-0004,"Monitor 27""",6.0,258.39,CUST-00004,TXN-000932
2023-07-05 02:19:49.189189190,PROD-0034,Unknown Product,6.0,181.26,CUST-00119,TXN-000081
2023-09-30 13:04:08.648648648,PROD-0004,"Monitor 27""",3.0,329.06,CUST-00149,TXN-000206
2023-01-08 15:38:22.702702702,PROD-0010,Power Bank 10000mAh,1.0,367.46,CUST-00113,TXN-000035
2023-04-05 00:08:38.918918919,PROD-0025,Unknown Product,3.0,148.41,CUST-00119,TXN-000943
2023-04-10 02:34:14.054054054,PROD-0045,Unknown Product,1.0,376.25,CUST-00012,TXN-000776
2023-08-30 05:01:15.675675676,PROD-0021,Unknown Product,3.0,288.99,CUST-00054,TXN-000509
2023-05-26 17:53:52.432432432,PROD-0008,Smartphone,7.0,459.15,CUST-00194,TXN-000428
2023-06-24 21:28:38.918918920,PROD-0031,Unknown Product,9.0,232.46,CUST-00072,TXN-000455
2023-05-06 16:56:12.972972974,PROD-0021,Unknown Product,5.0,368.1,CUST-00151,TXN-DUP-000013
2023-11-17 15:22:31.351351352,PROD-0040,Unknown Product,5.0,359.88,CUST-00069,TXN-000367
2023-05-22 17:42:20.540540540,PROD-0042,Unknown Product,8.0,43.16,CUST-00053,TXN-000092
2023-11-11 10:42:52.972972972,PROD-0005,Webcam HD,5.0,12.7,CUST-00135,TXN-000340
2023-01-01 00:00:00.000000000,PROD-0029,Unknown Product,8.0,103.88,CUST-00102,TXN-000898
2023-05-05 05:57:28.648648648,PROD-0050,Unknown Product,10.0,364.13,CUST-00040,TXN-000565
2023-08-21 19:53:30.810810812,PROD-0045,Unknown Product,6.0,7027.358381652092,CUST-00129,TXN-000346
2023-11-17 15:22:31.351351352,PROD-0026,Unknown Product,2.0,242.17,CUST-00050,TXN-000777
2023-12-15 16:43:14.594594596,PROD-0031,Unknown Product,2.0,235.58,CUST-00127,TXN-000242
2023-06-16 21:05:35.135135136,PROD-0027,Unknown Product,2.0,173.91,CUST-00052,TXN-000014
2023-03-13 18:42:52.972972973,PROD-0049,Unknown Product,1.0,61.07,CUST-00056,TXN-000316
2023-10-30 10:08:17.297297300,PROD-0023,Unknown Product,9.0,478.01,CUST-00059,TXN-000601
2023-12-01 20:25:13.513513516,PROD-0027,Unknown Product,2.0,49.29,CUST-00133,TXN-000388
2023-07-05 11:04:30.270270270,PROD-0019,Unknown Product,8.0,155.65,CUST-00040,TXN-000274
2023-02-05 16:59:05.945945946,PROD-0047,Unknown Product,7.0,257.55,CUST-00039,TXN-000167
2023-03-25 10:32:47.567567568,PROD-0013,Unknown Product,7.0,300.84,CUST-00075,TXN-000841
2023-08-29 20:16:34.594594596,PROD-0001,Laptop Computer,3.0,470.93,CUST-00175,TXN-000021
2023-04-14 11:30:27.027027027,PROD-0039,Unknown Product,3.0,36.62,CUST-00128,TXN-000647
2023-09-10 03:21:48.108108108,PROD-0023,Unknown Product,10.0,9920.447319832572,CUST-00161,TXN-000819
2023-12-28 10:47:12.432432432,PROD-0011,Unknown Product,9.0,85.53,CUST-00071,TXN-000485
2023-02-11 12:54:03.243243243,PROD-0040,Unknown Product,5.0,251.5,CUST-00166,TXN-DUP-000023
2023-08-16 17:27:55.675675676,PROD-0022,Unknown Product,7.0,206.87,CUST-00026,TXN-000505
2023-08-28 09:17:50.270270272,PROD-0045,Unknown Product,2.0,480.71,CUST-00094,TXN-000832
2023-08-17 10:57:17.837837840,PROD-0009,Charging Cable,5.0,277.86,CUST-00156,TXN-000244
2023-09-09 18:37:07.027027028,PROD-0029,Unknown Product,6.0,75.87,CUST-00183,TXN-000567
2023-03-07 22:47:55.675675676,PROD-0015,Unknown Product,2.0,245.64,CUST-00110,TXN-000876
2023-04-25 01:06:18.378378378,PROD-0028,Unknown Product,3.0,243.65,CUST-00182,TXN-000563
2023-12-02 05:09:54.594594596,PROD-0045,Unknown Product,,190.95,CUST-00071,TXN-000994
2023-05-03 01:29:22.162162162,PROD-0045,Unknown Product,3.0,61.63,CUST-00005,TXN-000687
2023-01-03 13:12:47.567567567,PROD-0005,Webcam HD,8.0,367.38,CUST-00190,TXN-000958
2023-11-09 06:14:46.486486488,PROD-0015,Unknown Product,3.0,240.87,CUST-00187,TXN-000190
2023-05-25 06:55:08.108108108,PROD-0017,Unknown Product,5.0,276.8,CUST-00014,TXN-000783
2023-02-22 11:14:35.675675676,PROD-0040,Unknown Product,4.0,299.41,CUST-00143,TXN-000976
2023-05-19 02:15:29.729729730,PROD-0011,Unknown Product,9.0,386.11,CUST-00077,TXN-000700
2023-01-14 02:48:38.918918919,PROD-0047,Unknown Product,6.0,305.44,CUST-00177,TXN-000476
2023-10-07 19:57:50.270270272,PROD-0034,Unknown Product,4.0,483.36,CUST-00125,TXN-000682
2023-08-21 11:08:49.729729732,PROD-0007,"Tablet 10""",1.0,108.64,CUST-00073,TXN-000511
2023-06-26 08:27:23.243243244,PROD-0050,Unknown Product,1.0,78.23,CUST-00134,TXN-000059
2023-09-29 02:05:24.324324324,PROD-0021,Unknown Product,6.0,445.32,CUST-00048,TXN-000475
2023-02-15 04:20:54.054054054,PROD-0033,Unknown Product,8.0,463.93,CUST-00083,TXN-000561
2023-08-24 17:50:59.459459460,PROD-0025,Unknown Product,9.0,323.9,CUST-00174,TXN-000857
2023-10-04 22:00:21.621621624,PROD-0019,Unknown Product,5.0,71.52,CUST-00138,TXN-000748
2023-04-26 12:05:02.702702704,PROD-0002,Wireless Mouse,7.0,430.59,CUST-00147,TXN-000253
2023-04-23 05:22:52.972972974,PROD-0021,Unknown Product,6.0,137.06,CUST-00109,TXN-000022
2023-11-18 17:36:34.594594596,PROD-0030,Unknown Product,5.0,126.34,CUST-00137,TXN-000314
2023-07-07 15:32:36.756756758,PROD-0041,Unknown Product,8.0,257.67,CUST-00190,TXN-000460
2023-01-18 03:00:10.810810810,PROD-0036,Unknown Product,8.0,84.53,CUST-00074,TXN-000161
2023-05-21 15:28:17.297297298,PROD-0020, ,,33.59,CUST-00195,TXN-000277
2023-09-01 00:44:41.081081080,PROD-0038,Unknown Product,5.0,122.9,CUST-00112,TXN-000956
2023-11-21 15:34:03.243243244,PROD-0037,Unknown Product,4.0,235.04,CUST-00059,TXN-000192
2023-02-13 08:37:28.648648649,PROD-0033,Unknown Product,6.0,378.08,CUST-00055,TXN-000386
2023-02-05 16:59:05.945945946,PROD-0017,Unknown Product,8.0,82.18,CUST-00004,TXN-000806
2023-09-05 18:25:35.135135136,PROD-0027,Unknown Product,9.0,178.15,CUST-00127,TXN-000414
2023-02-28 07:09:32.972972973,PROD-0027,Unknown Product,4.0,137.07,CUST-00058,TXN-000492
2023-12-05 03:07:23.243243244,PROD-0004,"Monitor 27""",6.0,62.93,CUST-00088,TXN-000344
2023-10-07 00:00:00.000000000,PROD-0018,Unknown Product,1.0,205.02,CUST-00197,TXN-000770
2023-05-26 17:53:52.432432432,PROD-0011,Unknown Product,7.0,227.26,CUST-00188,TXN-000309
2023-07-20 09:36:34.594594596,PROD-0021,Unknown Product,9.0,186.51,CUST-00100,TXN-000662
2023-01-06 02:25:35.135135135,PROD-0021,Unknown Product,9.0,253.93,CUST-00024,TXN-000131
2023-04-15 22:29:11.351351352,PROD-0036,Unknown Product,1.0,422.93,CUST-00022,TXN-000664
2023-05-31 20:19:27.567567568,PROD-0025,Unknown Product,7.0,367.14,CUST-00057,TXN-000872
2023-07-24 09:48:06.486486488,PROD-0033,Unknown Product,8.0,266.46,CUST-00124,TXN-000088
2023-10-06 00:14:24.864864864,PROD-0008,Smartphone,6.0,145.64,CUST-00092,TXN-000331
2023-03-21 19:05:56.756756757,PROD-0021,Unknown Product,4.0,21.44,CUST-00157,TXN-000467
2023-10-16 05:05:35.135135136,PROD-0025,Unknown Product,6.0,127.01,CUST-00182,TXN-000122
2023-05-05 05:57:28.648648648,PROD-0001,Laptop Computer,2.0,388.1,CUST-00187,TXN-000861
